time,Soil,A1,A2
2018-10-01,0.14020567378650778,0.1154825557984267,0.08918145851379713
2018-10-02,0.21489914590210007,0.16034523136513235,0.08985022030393557
2018-10-03,0.26533946140697506,0.16123814452525842,0.0974905749436271
2018-10-04,0.255565326853291,0.12981262230434118,0.11022504674290581
2018-10-05,0.22221629821101954,0.10225050152846199,0.20558130995656482
2018-10-06,0.265405221662227,0.12018554290455447,0.19656975031341273
2018-10-07,0.2829087416124796,0.1142025084842522,0.23104540604401447
2018-10-08,0.3288245983549535,0.10071156005660274,0.2279244360043614
2018-10-09,0.32265240881752205,0.09825917449299015,0.23375540707993486
2018-10-10,0.2987440927170598,0.08992624946809377,0.24365244225390792
2018-10-11,0.30839895239203663,0.09776537638759711,0.20455338413620527
2018-10-12,0.39985316136377924,0.09678855086998307,0.17528906818897774
2018-10-13,0.2989795910138042,0.09879533057672729,0.16834847743327483
2018-10-14,0.3208918199385908,0.10111234235897298,0.1778955825932549
2018-10-15,0.2879186367304667,0.10865502729272151,0.14106404078930526
2018-10-16,0.30009441149425004,0.0811909169669869,0.12225597426535958
2018-10-17,0.3490005451738329,0.0982504747606952,0.13125945483045612
2018-10-18,0.3417584981266676,0.11086128355787112,0.12966257537907583
2018-10-19,0.41108047745937515,0.11721901542124769,0.1649233043676822
2018-10-20,0.3015568052515689,0.11871802520265952,0.1483720704740798
2018-10-21,0.35930458656491226,0.1077953667173257,0.18407576354875904
2018-10-22,0.26739913721059505,0.10622381686536411,0.15641541085201024
2018-10-23,0.40787702030867734,0.08914120311682586,0.1378287059860228
2018-10-24,0.37404620116146586,0.08986440491394905,0.22121301063246557
2018-10-25,0.2793526204789316,0.09964189684592556,0.20413970431306572
2018-10-26,0.30798976994060234,0.11501871876678937,0.17975237903170688
2018-10-27,0.38029329365696873,0.14680977260381747,0.2201447355216995
2018-10-28,0.2827008689551872,0.1784579461090807,0.19856130806534697
2018-10-29,0.307709329564513,0.1507771215557419,0.18666991557181767
2018-10-30,0.307710775830896,0.07825412269758938,0.15420435686804235
2018-10-31,0.36044943232555626,0.12382281477388135,0.18077143421525738
2018-11-01,0.35648896990502854,0.0973090039624645,0.2688206455173209
2018-11-02,0.33334667253850564,0.11348634826974978,0.23105084500635187
2018-11-03,0.28199999901686157,0.11500018155889272,0.20273289424784233
2018-11-04,0.3134888313364248,0.11723861402820385,0.19170310458089557
2018-11-05,0.31108305108567813,0.08774311956436853,0.2298460148281224
2018-11-06,0.258856175816512,0.07698116961099505,0.17627254707656154
2018-11-07,0.26036724812022566,0.08722030891843066,0.12906162573740115
2018-11-08,0.2295433087078013,0.0840763765397312,0.14565505727106373
2018-11-09,0.29221981504550143,0.02709719831980413,0.15022467163658124
2018-11-10,0.3582555749141261,0.021679223603523073,0.14050001964456857
2018-11-11,0.4137950762342737,0.0,0.1593018221759427
2018-11-12,0.2993119712277955,0.02622477288518653,0.13881109124006513
2018-11-13,0.31365251036574365,0.06421797921636857,0.14811838421541
2018-11-14,0.3129343018936022,0.048253547565420246,0.11040102057749146
2018-11-15,0.2957947150245766,0.036331446781859886,0.11159245894300235
2018-11-16,0.3132402310460056,0.0317757740319505,0.15014538600773913
2018-11-17,0.2874043756850129,0.05830532615828318,0.09247847381272703
2018-11-18,0.3447908293164196,0.04402340158419783,0.10073702639852575
2018-11-19,0.33778939734406943,0.05573796863123507,0.12910125493368602
2018-11-20,0.31598356387796744,0.020147224428888492,0.13698832533640506
2018-11-21,0.3878496226291592,0.09191403502433029,0.23765514890556072
2018-11-22,0.5446233625927794,0.17805904659506766,0.2840007165926075
2018-11-23,1.6506056757128624,0.3822967357139403,3.0854992217511192
2018-11-24,1.6320661465699886,0.43259137056278885,2.9659711205187245
2018-11-25,1.7375474999787974,0.3883857860753841,2.0181634475348553
2018-11-26,1.75492816338919,0.39056883503255646,1.934737240630748
2018-11-27,2.2447433035126525,0.5790132077782741,4.1175084137320175
2018-11-28,2.402878812978165,0.6689117037670648,3.7779178811899543
2018-11-29,2.8973723165089433,0.8313957915439227,4.760285761245804
2018-11-30,2.667820152558213,0.7945467874508294,4.0625206996525325
2018-12-01,3.172893020466809,0.9811079844982302,4.811682601443145
2018-12-02,2.8645660791825756,0.959176640084107,3.9381522178314974
2018-12-03,2.7954434291518777,0.9099298835223948,3.6982595423545552
2018-12-04,2.6984106294836243,0.9236553236202925,3.636561732627515
2018-12-05,2.608811436380478,0.9405357341175042,3.527689122317974
2018-12-06,2.67184938866568,0.9901684775297911,3.4086820913267823
2018-12-07,2.6179339437172926,1.0168518590286948,3.3168607009434914
2018-12-08,2.548892893175635,1.0079910629255482,3.3475848000540225
2018-12-09,2.8761859963782124,1.156485411166656,3.782906841253662
2018-12-10,3.1722113797336697,1.3334323446628686,4.568003727458368
2018-12-11,3.02660025479362,1.2859296568978695,4.1878706377699775
2018-12-12,3.0718887597249163,1.3125347166144503,3.996137598597998
2018-12-13,3.0707626954105653,1.353698816813539,3.7220261940038504
2018-12-14,3.274763019909055,1.5255973442948894,4.423059038117646
2018-12-15,3.360259267244002,1.5756497110387198,4.471404423458795
2018-12-16,3.7910868617607743,1.8537033662215294,5.3501653489992
2018-12-17,3.4091121359996874,1.8977921102470945,4.799302476461481
2018-12-18,3.543992508056502,2.0732082800081457,5.3716934306115665
2018-12-19,3.391254044865808,2.1397230946240273,4.910137661467257
2018-12-20,3.352871087156128,2.2401421658734737,4.791651714873597
2018-12-21,3.5706662359183445,2.3991130645999355,4.945552191128825
2018-12-22,3.441409481780435,2.3588398931180485,4.453461571186283
2018-12-23,3.672561716446946,2.5220882639842546,4.466671407340969
2018-12-24,3.852590398992954,2.9123383704949197,5.3739037169061605
2018-12-25,3.7101868903665323,2.756368561038375,4.861089772757093
2018-12-26,3.5307605285641355,2.684452176699088,4.471708606219918
2018-12-27,3.5162208508516875,2.6691665337651216,4.254063753280219
2018-12-28,3.4413285926534423,2.669971241360126,4.163100701072804
2018-12-29,3.4084586599878235,2.653789029438735,4.0571672605879545
2018-12-30,3.3585234989379824,2.6764097814974916,3.9606211007666055
2018-12-31,3.353958828402126,2.6869582969900065,3.8608768166425
2019-01-01,3.389280226172154,2.6983192843116783,3.8951612747178714
2019-01-02,3.4381774855842107,2.720131227350054,3.7519835205424905
2019-01-03,3.3930702553900116,2.70072798094027,3.7371595565357056
2019-01-04,3.33395163740631,2.724149643815899,3.717108529244804
2019-01-05,3.9524140220038575,3.087839697716122,4.573230883796638
2019-01-06,4.422290425566169,3.440971563107147,5.337216347618524
2019-01-07,3.817440776013993,3.222417994622617,4.798351550249609
2019-01-08,4.029210950774575,3.298218095397859,4.821160434969641
2019-01-09,4.747521416651477,3.7715639497989235,5.6314200939948105
2019-01-10,3.9713230925996,3.546579062409638,5.117398897424415
2019-01-11,3.7069200526635857,3.3793217003248492,4.728569151049776
2019-01-12,3.5834955201664083,3.3971472780686494,4.605237346675272
2019-01-13,3.497060750723914,3.3243776872214124,4.458843920171323
2019-01-14,3.4723750598608625,3.287981531454948,4.2731740394439885
2019-01-15,4.010229524596269,3.644866638088028,4.490104210173786
2019-01-16,4.406029379856264,4.04901542801204,5.457238769799325
2019-01-17,4.6423188600959024,4.151013625774208,5.35563217049845
2019-01-18,4.392527425944346,4.0564286300904895,5.190591216862352
2019-01-19,5.159713269426529,4.281670334908547,5.480133861766728
2019-01-20,4.560184292259993,4.578474478507257,5.647935632591722
2019-01-21,4.301510950081147,4.172837611184044,5.068057978443637
2019-01-22,3.9001397563401694,3.959830654003884,4.690092038013276
2019-01-23,3.843020792528759,3.911268476828218,4.6611393866050825
2019-01-24,3.727947621600104,3.9384973800810164,4.496848849237333
2019-01-25,3.6746910806120594,3.8779533652205327,4.331454501342124
2019-01-26,3.6674443008674604,3.8619879606733787,4.260511999138556
2019-01-27,3.6569736503609294,3.837962406891187,4.262908492829119
2019-01-28,3.6527741320509866,3.897779449574304,4.218014140256363
2019-01-29,3.5934467612988934,3.8419366353745916,4.234157057296916
2019-01-30,3.4935945479646735,3.8604205050245426,4.105336123377397
2019-01-31,3.484502243287615,3.78759106816998,4.037488432137424
2019-02-01,3.8635603833855177,3.864661529192555,4.08363441146234
2019-02-02,4.658294591588673,4.445277339284035,4.685750940240824
2019-02-03,4.416737238617067,4.543861409028687,4.970233787706107
2019-02-04,5.445687902697016,4.735379676861353,5.344123447208554
2019-02-05,4.547101956493018,4.395235013851018,4.755784048466985
2019-02-06,4.2331049929136,4.315981155182328,4.746664046542101
2019-02-07,3.944345841791951,4.246639899814367,4.590710967439501
2019-02-08,3.8976512532177217,4.241796956424399,4.510962446022745
2019-02-09,4.41091722419922,4.70495981167172,4.9612757119274
2019-02-10,4.90041077052399,4.59591267852212,4.953707600245304
2019-02-11,4.8595474704383275,4.645506482326647,4.90277809366784
2019-02-12,4.383227520879878,4.763205992665074,5.086685871658881
2019-02-13,4.70470919554346,5.039008851397875,5.441709965449984
2019-02-14,4.614588668534927,5.30464583350784,5.716632545642638
2019-02-15,5.282456008562018,5.184930180515986,5.397766375373431
2019-02-16,5.267243740438296,5.121001499373815,5.3652308911795075
2019-02-17,5.022686817898661,4.785578698948094,4.904041400506738
2019-02-18,4.364949021681947,4.600540369366595,4.863967973632261
2019-02-19,4.148505875303828,4.511396348136678,4.664046093818037
2019-02-20,4.16747828249754,4.481219088228676,4.503851520504188
2019-02-21,3.991836209462455,4.409178721790998,4.49660951539597
2019-02-22,4.021553985563812,4.406048411310756,4.424582395843867
2019-02-23,3.8093860373767834,4.410690520903653,4.307483306996808
2019-02-24,5.118102816466013,5.010758579327999,4.929669500031654
2019-02-25,4.23517807899208,5.561634352765319,6.0
2019-02-26,3.7329174755030192,5.556220284949169,5.89974476902563
2019-02-27,4.8079027745464185,5.40928686454717,5.644629916316021
2019-02-28,4.4518065399476034,5.021366318175066,5.120729233015546
2019-03-01,4.281335939457069,4.797794074773973,4.91184675752794
2019-03-02,5.1370783647528295,5.1271965931716865,5.279909369650488
2019-03-03,5.13328800410478,5.0708486103503105,5.438304289232983
2019-03-04,4.420187698581179,4.903455676123995,5.079021632278452
2019-03-05,4.334463886425196,4.834310139249528,4.881050351155503
2019-03-06,4.607953615749872,5.348645441005124,5.759965747172175
2019-03-07,4.851099127273012,5.136358028097359,5.30299700386169
2019-03-08,4.384070372376718,4.859300942169183,4.868243412732519
2019-03-09,4.618792601300511,5.066896384567315,4.986901669308109
2019-03-10,4.843763652422639,5.1213001422732125,5.250060362108657
2019-03-11,4.5508134917639005,4.945944957996423,4.918200179628761
2019-03-12,4.332086142061085,4.8720289824829415,4.8284010583277155
2019-03-13,4.165831969771123,4.767492542856753,4.588080731913923
2019-03-14,4.115898826446869,4.736587860550338,4.529666225193621
2019-03-15,4.012778680129317,4.714545574024962,4.415655219534074
2019-03-16,3.9850575427828274,4.672536085776692,4.335672761002015
2019-03-17,3.9598364088812894,4.656392928330083,4.31378296597322
2019-03-18,3.8651921944049414,4.6320722230315825,4.223453733947013
2019-03-19,3.842929396108643,4.638317891466899,4.2211902402005785
2019-03-20,4.054459082596717,5.054534137602336,4.7857945374836195
2019-03-21,4.745536597034992,5.118707247409959,5.166611817825636
2019-03-22,4.7917403132415295,5.299703227217761,5.348596967399706
2019-03-23,4.913581606688939,5.1737827394304485,5.243255753776284
2019-03-24,4.378659898424132,4.945277139606112,4.931916908719655
2019-03-25,4.735354775604866,5.408277422499937,5.47502897356447
2019-03-26,4.5947556417681295,5.082240995518907,5.126358006865182
2019-03-27,5.1683847560224105,5.459269886145968,5.545234973991861
2019-03-28,4.940982575826172,5.569036316999376,5.684497232684741
2019-03-29,5.1642064605812354,5.418240110371948,5.46742992921453
2019-03-30,4.462530569334797,5.1095217916297955,5.0300027684079245
2019-03-31,4.391958530928424,4.990532827189714,4.804790943864469
2019-04-01,4.357799323276458,4.922961718039613,4.688750485576776
2019-04-02,4.557823428436876,4.910988908103955,4.607292451350206
2019-04-03,4.936684740899688,5.051967832443681,4.873828171957653
2019-04-04,4.794043726818822,5.009241685720161,4.937364970218296
2019-04-05,4.980765483976229,5.396048907194601,5.492927019199856
2019-04-06,4.985248352008583,5.221679872033778,5.255817303647282
2019-04-07,5.102016607444314,5.4744587695312665,5.574086538319187
2019-04-08,4.944155082172476,5.787515335902763,5.933463839642342
2019-04-09,4.820133283354108,5.28073219646382,5.349149688467653
2019-04-10,4.47675295120763,5.11551689465695,4.960978630193159
2019-04-11,4.328625124131813,5.037261270148338,4.832020906605565
2019-04-12,4.2562042789957,4.983871172547888,4.599457128306086
2019-04-13,4.147869961444267,4.954782160900753,4.504090374387884
2019-04-14,3.9844012318698656,4.892203945669175,4.456962858658963
2019-04-15,4.2630230011967445,4.905577224386649,4.408305132892922
2019-04-16,4.940899938070553,5.337730410590343,5.242894329074293
2019-04-17,4.602582756479375,5.137402729772076,4.977413252447088
2019-04-18,4.520952154914289,5.038603721543529,4.946808868178765
2019-04-19,4.42095796958569,4.937748598427777,4.754392204263369
2019-04-20,4.392557110878755,4.892444143222537,4.589208726005188
2019-04-21,4.062412350624432,4.837694107172092,4.355547194889326
2019-04-22,4.061833233233971,4.769775535727346,4.269597742247338
2019-04-23,4.156627141723382,4.641344164804584,4.24184470866943
2019-04-24,4.015518012445035,4.541431888990921,4.103755079451505
2019-04-25,3.8671378381033614,4.452544686262107,3.9394726206653283
2019-04-26,3.6774385442595774,4.32516368286601,3.951736853504733
2019-04-27,3.5458322819988455,4.18318252557257,3.7338287636587655
2019-04-28,3.8457517199041886,4.06443662164255,3.5643512348144206
2019-04-29,3.38686964466073,3.9725423481920092,3.466192116205939
2019-04-30,3.2365611437025423,3.841509237625463,3.284897943885416
2019-05-01,3.1832525385069825,3.7724055097328444,3.2523740270601813
2019-05-02,3.2338343514178423,3.6723390772002675,3.1579972511303
2019-05-03,3.0878727855290258,3.6140810975616136,2.999435647092865
2019-05-04,3.1839676438754942,3.5409809365739404,2.946396564403603
2019-05-05,3.0374480713105276,3.4992009763736913,2.903394684954926
2019-05-06,2.9292520665932003,3.4221726480085937,2.819076711867817
2019-05-07,2.7376247023425346,3.3689300123808197,2.780134829524525
2019-05-08,2.709960897223059,3.3042064109524025,2.7391735536435737
2019-05-09,2.61022536265937,3.2139215603100064,2.6087613715724363
2019-05-10,2.5393688197350324,3.1478370546692034,2.64014262940091
2019-05-11,2.548928951324906,3.0983477666276427,2.550660743368561
2019-05-12,2.313087073456077,3.017298161507234,2.415099842044088
2019-05-13,2.482832211976991,2.9581293267015294,2.318499372983112
2019-05-14,2.20034467624754,2.9177532820085785,2.3180125074841604
2019-05-15,3.620514796124512,3.7300569962420944,2.369581350535661
2019-05-16,3.963712003373692,5.933338550292966,5.3028021984680835
2019-05-17,5.263732338750247,5.583836333694427,5.4837259454353875
2019-05-18,4.330169028252662,5.698642383058893,5.401892212577408
2019-05-19,5.2450970703292175,5.688896013943985,5.5412348232773025
2019-05-20,4.6791022075235045,5.422201206237336,5.180999993152789
2019-05-21,4.120366161127882,6.0,5.921056955583159
2019-05-22,5.087981725314108,5.514200287457612,5.338256702853801
2019-05-23,4.674571628216741,5.228320953627578,5.0884518808330546
2019-05-24,4.694750940075108,5.109385492427515,4.872917608809897
2019-05-25,4.381479379333744,5.047771232134868,4.7024927085280535
2019-05-26,4.49657077081457,4.958978550290003,4.559995670740593
2019-05-27,4.206227765792964,4.950460004787642,4.383647432816435
2019-05-28,4.188898977669259,4.86404959713898,4.28615074264772
2019-05-29,4.16186908165988,4.736623281311787,4.124878468821702
2019-05-30,3.934740947316781,4.611006210023861,4.019902950405145
2019-05-31,3.785198809469268,4.48992357441265,3.859915244683897
2019-06-01,3.693258625559457,4.377948398083472,3.7597704515420176
2019-06-02,3.6101012540857758,4.245535930636174,3.661142781281801
2019-06-03,3.5606085053554377,4.06013027091165,3.4824350223897445
2019-06-04,3.3750049765995653,3.9640441375854603,3.417970340424776
2019-06-05,3.2434411498644677,3.812420823648648,3.2613825357361925
2019-06-06,3.065474069276635,3.7227366314618155,2.972844639753757
2019-06-07,2.8901902507541983,3.624689355473192,2.912595824306392
2019-06-08,2.84530071092854,3.5748242742588197,2.819589926484089
2019-06-09,2.7438415680031287,3.439327475183306,2.7961378806050528
2019-06-10,2.5264281343561286,3.3563578043680136,2.57653453832704
2019-06-11,2.4328734493044037,3.2765783561686783,2.4328001449322922
2019-06-12,2.1799356019079363,3.205399732239121,2.365908017829817
2019-06-13,2.0971297325422866,3.060975945927307,2.229026398373822
2019-06-14,1.8954447346875742,2.982705226891888,2.1711981258137953
2019-06-15,1.820531088293752,2.896193862567612,2.060547463505582
2019-06-16,1.784686313017665,2.7830527959393696,2.0770857482325678
2019-06-17,1.8021055528661445,2.6884276678498678,2.025328765089258
2019-06-18,1.6547619828018245,2.606776871167597,1.9518815107345542
2019-06-19,1.5740985974545514,2.5155357682472697,1.8718256848972459
2019-06-20,1.507057774675144,2.4296257946681106,1.8365526989422303
2019-06-21,1.4488907418896404,2.301681402011667,1.7458595929071214
2019-06-22,1.3793951496165489,2.1817847752471176,1.7442142212680876
2019-06-23,1.502350068721011,2.164355697096047,1.678314252958811
2019-06-24,1.2464009163326917,2.0363703188739746,1.6865763331687056
2019-06-25,1.091313096935375,1.9739128130956654,1.5121930715344551
2019-06-26,1.0232087241667938,1.9048772525264386,1.5444396099761082
2019-06-27,1.0308840584377597,1.8232278467124043,1.463205559582331
2019-06-28,1.0205326958249068,1.751803337619532,1.4183120709110513
2019-06-29,1.0152898788612899,1.691799416963344,1.3620379795059083
2019-06-30,0.9688280812239753,1.6510569528459875,1.412613956933399
2019-07-01,0.9106684780277818,1.6156315103392598,1.333905917420287
2019-07-02,0.8742780188485673,1.584985587784855,1.3341512929640955
2019-07-03,0.8347281466706605,1.5058894366485125,1.3265873994072868
2019-07-04,0.7752733279143155,1.4755085687283616,1.3101716091479478
2019-07-05,0.8151820435903432,1.4513563673248486,1.2517292879067314
2019-07-06,0.7899886449462314,1.4190150977198317,1.2595830251626743
2019-07-07,0.8463125363095454,1.334787149004286,1.1751755134568862
2019-07-08,0.8229824646327923,1.288185638535153,1.164957873817068
2019-07-09,0.8902563174218279,1.2747310780232475,1.1040958900947797
2019-07-10,0.9203506883559864,1.2830930869553574,1.1489750657349362
2019-07-11,0.791984912237069,1.196156112732742,1.1151185356974813
2019-07-12,0.7142373467309521,1.1706527244745029,1.170156714765254
2019-07-13,0.7320626311968967,1.1514823317186325,1.1158329237355618
2019-07-14,0.6369225219577372,1.1067368287429042,1.0953999092731093
2019-07-15,0.683834329877928,1.0471732609437336,1.0507741708492004
2019-07-16,0.6208899629876197,1.0121131934313397,0.9951694962686012
2019-07-17,0.7017191176718136,1.006869948094228,0.999999567447676
2019-07-18,0.6208158559980976,0.9904435676397163,1.1413805153220509
2019-07-19,0.7050621689678368,0.9311782672335209,1.0550721482334473
2019-07-20,0.8545513333162795,0.9155880574929556,1.1121190881579688
2019-07-21,0.8546956570805074,0.868516053739906,1.0218442872589657
2019-07-22,0.7553494229250444,0.8484098136263507,1.001082943952381
2019-07-23,1.016949815629453,0.8141359735167182,0.9545844537560823
2019-07-24,0.9127372755790165,0.7591637847820356,0.8925555434102965
2019-07-25,0.6137122195026605,0.7943999990640256,0.8814433471244204
2019-07-26,0.5472321267298531,0.7197368156737944,0.8523218545660453
2019-07-27,0.5785512675984913,0.6999857341058967,0.8913906261645749
2019-07-28,0.5443639963012907,0.6993151013229688,0.8711359751314824
2019-07-29,0.5203095170144759,0.6908055009512643,0.7649387294275547
2019-07-30,0.5590807702540572,0.5989242650992315,0.7484212140021285
2019-07-31,0.6563840564923612,0.6548850060176489,0.7341317604798149
2019-08-01,0.5422413898532474,0.5381202296004066,0.7283669878905044
2019-08-02,0.4047444912825999,0.5097836743417868,0.7207911768692395
2019-08-03,0.5888282183657148,0.551811180298055,0.6974318372301628
2019-08-04,0.6131419939758873,0.5578887210906786,0.7406158719492707
2019-08-05,0.7735187373519956,0.49505625062832515,0.7354373718416938
2019-08-06,0.7040262937717205,0.5636048181827075,0.7356093161303373
2019-08-07,0.5632198568424367,0.68245658537182,0.7220226803196998
2019-08-08,0.5329004776931572,0.6195132953159473,0.8823723314153704
2019-08-09,0.7470908813587168,0.48054043690051157,0.8477518637707703
2019-08-10,0.5938116417682762,0.5013146942378879,0.9495558295676874
2019-08-11,0.7648468319540608,0.43711923617012144,0.6936415796570252
2019-08-12,0.4084638252807239,0.40465404366196617,0.6970221491363656
2019-08-13,0.6013484068683778,0.41925417342888527,0.6752130550877793
2019-08-14,0.45453313990022043,0.5031370461308023,0.7574845765417384
2019-08-15,0.4836385149625584,0.4611780216338177,0.6135009432218781
2019-08-16,0.5662919192317843,0.48318985866470404,0.6106742540105203
2019-08-17,0.3529111958961087,0.4676589463549835,0.5667952287680798
2019-08-18,0.39698958397197603,0.31551208594777885,0.5498052611460383
2019-08-19,0.3218588913755877,0.44150770346982937,0.6366863923847487
2019-08-20,0.37771845451811004,0.3666313816942175,0.5736046582495997
2019-08-21,0.3376308306864858,0.36223452062451494,0.5750430138549941
2019-08-22,0.5068447077667984,0.32241278585941946,0.6261463705209296
2019-08-23,0.44852181599313035,0.3109079326718057,0.5285559767514494
2019-08-24,0.47969567122725354,0.406274580446336,0.5853631574935403
2019-08-25,0.3970566391270187,0.32255356804422997,0.553855396990775
2019-08-26,0.34244057717908316,0.2969640883703818,0.573485201301648
2019-08-27,0.42216083063839843,0.3055530351552632,0.5371592519768221
2019-08-28,0.43709176960512297,0.28528944438318604,0.5201630811684181
2019-08-29,0.408607060971242,0.3287109481928993,0.4934286326329802
2019-08-30,0.3322238486190442,0.258137059742242,0.5393252271000298
2019-08-31,0.3361265263118685,0.24945489753515981,0.47757495948499235
2019-09-01,0.33194786373930496,0.2984781666286557,0.43058122163124235
2019-09-02,0.43619774527234667,0.21310720008680883,0.6424742023389458
2019-09-03,0.5174078840233323,0.2126326666389896,0.4200387218472984
2019-09-04,0.46073992786760787,0.29750145668235617,0.5202064432617494
2019-09-05,0.43227164709326976,0.25351298989181,0.4868535909625561
2019-09-06,0.35372651023444923,0.23627470865656036,0.3534109115791185
2019-09-07,0.35045464093776457,0.23070118761448005,0.355398576810952
2019-09-08,0.3478449346397663,0.1916004899231728,0.40039906746470566
2019-09-09,0.7986739649373047,0.19987194228043967,0.40726418889176064
2019-09-10,0.4613659291656838,0.17637968806828952,0.4607651608488924
2019-09-11,0.4664536993170929,0.1830218748599495,0.5507858776254173
2019-09-12,0.537999514231747,0.20273346017044486,0.40899913316014735
2019-09-13,0.41227023050669565,0.21150509694439934,0.47122962608183083
2019-09-14,0.3883237788440315,0.16630051819163394,0.40966665565687876
2019-09-15,0.39788836235743064,0.18123323321260507,0.4021593076803533
2019-09-16,0.4598332208856517,0.19226199442015948,0.4009171748129975
2019-09-17,0.4605166174893488,0.16403821476118677,0.35988103087083706
2019-09-18,0.7617994661284647,0.2052473740698676,0.31495894709798067
2019-09-19,0.9545091130400367,0.1537353750017202,0.3565902463003096
2019-09-20,0.8344607839796057,0.16395283571916924,0.35076019903906175
2019-09-21,0.9292064044758139,0.18513593198653144,0.40165901943750676
2019-09-22,0.883969571408555,0.1947578899777378,0.3809000191231782
2019-09-23,1.0159380545633765,0.16832861342704913,0.4166668055180461
2019-09-24,0.7948108935914131,0.20813676079925547,0.504078227305928
2019-09-25,0.8743080283330587,0.21593644694502395,0.48317479767466065
2019-09-26,0.8312229858561566,0.28900336850255187,0.38458892820013335
2019-09-27,0.7601266858969307,0.20752564350408953,0.4011291148575608
2019-09-28,0.5833184346102982,0.13094154465586016,0.41808540125849636
2019-09-29,0.6764269228465046,0.15353705769316034,0.3779979094222704
2019-09-30,1.0341332180310845,0.14587035728938452,0.40281278860080283
2019-10-01,1.024532868893631,0.13545494939149286,0.3458387110509676
2019-10-02,1.0931269344956278,0.21271431085875186,0.32306148806868684
2019-10-03,1.081810301999456,0.17458717611633937,0.3587922706693151
2019-10-04,1.00731671822188,0.2267486335622122,0.5003572136033327
2019-10-05,0.9461353535930692,0.22191475577932385,0.40179526418885114
2019-10-06,0.9234959861657499,0.21276509635601037,0.4441594289374104
2019-10-07,0.9719754728098697,0.18176954122084846,0.49366676474500715
2019-10-08,0.8603304110478701,0.18306947893007577,0.44853127288557615
2019-10-09,0.8830487837240288,0.215468090660686,0.4487760714311654
2019-10-10,0.8857296343270122,0.21878735493204854,0.37565175084286606
2019-10-11,0.9753540787951102,0.29252847074743216,0.4309104342499619
2019-10-12,0.8660090808760228,0.20274109831207665,0.3746693803510889
2019-10-13,0.9250352650689367,0.15442629742131692,0.3367236039852322
2019-10-14,0.762307760726135,0.2590739144903388,0.40150724026237716
2019-10-15,0.7761621373531236,0.18446338064147572,0.39791872525448435
2019-10-16,0.6266271194945132,0.18491701186624027,0.3982208281594459
2019-10-17,0.7389499059881037,0.1876590048198229,0.39824795354026044
2019-10-18,0.7563452404968316,0.19717686471820722,0.39363414963405396
2019-10-19,0.7973645479084503,0.19665895104264952,0.4036999568158126
2019-10-20,1.2138276666747752,0.21395912219964025,0.5031201782672641
2019-10-21,1.3144401519395879,0.16419794942213534,0.508568444432365
2019-10-22,1.0707967720685594,0.23856604712825932,0.5040994878513818
2019-10-23,1.0997265770578308,0.35223920512878415,0.4985927160895997
2019-10-24,1.1175280936827587,0.2151049882883,0.5959170152743882
2019-10-25,0.9184156722101234,0.16654636851743293,0.5620673718038516
2019-10-26,1.0011598253414318,0.19680520994253747,0.5189685306690612
2019-10-27,0.7706944392418807,0.13853253122449766,0.5165254407827232
2019-10-28,0.7547410336662439,0.16720299632518598,0.4393410115121604
2019-10-29,0.7194831199719358,0.13495571787404137,0.4351828991416986
2019-10-30,0.8581955676049654,0.12591106021319753,0.44237051355514734
2019-10-31,0.7378314448495065,0.17365674756583432,0.4837349772024366
2019-11-01,0.7382708175416496,0.1505378386850932,0.40099220435160565
2019-11-02,0.7467819103288478,0.12246338534369416,0.42537851349921785
2019-11-03,0.7125141970127342,0.22650633155837685,0.3960339429403129
2019-11-04,0.7570748000390906,0.18689946520853795,0.42666004735744945
2019-11-05,0.6898206953843984,0.3102092737571496,0.4529665697069697
2019-11-06,0.8563129347894725,0.5382046283417348,0.5493842332009643
2019-11-07,0.7501834500524722,0.2375469328689459,0.47559025315350517
2019-11-08,0.7064764842176707,0.14359239844659094,0.4636997844407408
2019-11-09,0.655413134496201,0.2195316307683994,0.41970433387258277
2019-11-10,0.8318818829470263,0.2665315101387314,0.5430219387890689
2019-11-11,0.9738938205888202,0.2625806180890281,0.4849594677036515
2019-11-12,1.327338709378069,0.2294019528318088,0.5093305934798227
2019-11-13,1.521869436257833,0.24796744321712566,0.46215051249214145
2019-11-14,0.6837520285342087,0.14766673443373274,0.5566993194902544
2019-11-15,0.5898151788941911,0.1830929004307022,0.5052629525575965
2019-11-16,0.6299057271278432,0.22188847848974108,0.581772899035361
2019-11-17,0.6356824547268755,0.22577092621755362,0.4974900054598912
2019-11-18,0.652271689835407,0.28135492138078366,0.5362142066519338
2019-11-19,0.73727424422566,0.20579210555014343,0.4725104902427659
2019-11-20,0.5736845233272455,0.15138144336229226,0.4730741480080838
2019-11-21,0.6733309982222158,0.2611098686625408,0.36235323071662
2019-11-22,0.5663384237497109,0.10940754158585214,0.42198085324608736
2019-11-23,0.5812945999176468,0.10004560665368337,0.35363343110683737
2019-11-24,0.6404703731280749,0.16582838364291547,0.3888041265469721
2019-11-25,0.5752153525760153,0.2035075303076303,0.38484289184218834
2019-11-26,0.9953907498381555,0.1447419570309147,0.45398009899956887
2019-11-27,2.5569544715292905,0.17875749103509925,0.37600729915152975
2019-11-28,1.5917941128749202,0.13388262507063445,0.3864757795116046
2019-11-29,1.5850449076011852,0.10879118643486371,0.3745898659523464
2019-11-30,1.1208768473250166,0.13542812623859382,0.45634800667716446
2019-12-01,1.8111942034968291,0.22860769707620746,0.6068008722340799
2019-12-02,2.4771037162866345,0.3054279584123135,0.5921370188474852
2019-12-03,2.8809041775057476,0.27471643019930725,0.6524557757918952
2019-12-04,2.4895430320636383,0.3083684768525378,0.6666858060543405
2019-12-05,2.5813522560782673,0.3093325842687103,0.6998632559492056
2019-12-06,1.4703458614553433,0.3964066024934062,0.7635663008701219
2019-12-07,0.0,0.6417503395992095,2.143007855860333
2019-12-08,2.876039664579283,0.6982071331098068,3.143389925457384
2019-12-09,2.959553985871481,0.7095109459273774,2.639074383749791
2019-12-10,2.615958446193651,0.7497190840835128,2.600252469285248
2019-12-11,2.4440521981669576,1.0448554730179207,2.707521578493814
2019-12-12,3.6724881748849763,1.2474263672532584,3.1168467145374645
2019-12-13,1.984607271203378,1.405373535590593,3.4830287050160607
2019-12-14,3.535423985635813,1.5002081205612163,3.840756729530038
2019-12-15,3.6467091433312966,1.6112361389984353,3.803164448394256
2019-12-16,3.435005170812621,1.6251030703687315,3.5621198499879188
2019-12-17,3.3350546740571545,1.626073625040306,3.5095374502248204
2019-12-18,3.6098119895118064,1.764494140568768,3.534543304085952
2019-12-19,2.8907141085905237,2.034267404242331,4.047946054355271
2019-12-20,4.346491343838844,2.180250610111631,4.554036150969285
2019-12-21,3.549515098165884,2.159589806600559,4.1605705101255115
2019-12-22,3.4990566537472985,2.5142497176766128,4.524671644450046
2019-12-23,3.7748944912092504,2.4781962007699394,4.123212912814697
2019-12-24,3.5929293938783617,2.499232549887421,3.9026427511261383
2019-12-25,4.042957387434367,2.727990033736167,4.110664623588164
2019-12-26,3.6640054051732323,2.6965796554512313,3.9393764501385693
2019-12-27,3.636280171012837,2.668291157064991,3.837004511202969
2019-12-28,3.6557065823211268,2.648455683025967,3.771671487332104
2019-12-29,3.7997059945118723,2.935996352837387,4.196521257455678
2019-12-30,3.9663839901720452,3.031874045742513,4.452719205146302
2019-12-31,3.7274762103138688,2.9761326314186904,4.0118853452837495
2020-01-01,3.6364818329658206,3.0083915297226795,4.069015089072418
2020-01-02,3.5987707405141705,2.9001008229886636,3.8919938861187844
2020-01-03,3.516879642920423,2.929154473039442,3.809952707116354
2020-01-04,3.9241102796782728,3.402331239948615,4.4577775878142365
2020-01-05,3.8652293761057637,3.241849706660565,4.104085477826053
2020-01-06,3.65815200120347,3.1745800507583395,3.9516547383590352
2020-01-07,3.69420301970647,3.364865918978541,4.143103448077083
2020-01-08,4.417047887493942,3.802914314984429,4.522287879425989
2020-01-09,4.1537429657865195,3.8521403002689105,4.5693550583069715
2020-01-10,3.8711215211202106,3.62393405610867,4.229853417855878
2020-01-11,4.444054574968114,3.876111257175633,4.233764531519706
2020-01-12,4.441945257479213,3.8958154132378247,4.3329947884063635
2020-01-13,3.753384237080257,4.203706226471381,4.796558686240479
2020-01-14,4.127060914281693,4.3927776750284036,4.822820635627535
2020-01-15,4.1924021683816415,4.020698673994269,4.338218590796373
2020-01-16,3.8501225922453335,4.763902709275031,4.900626736711732
2020-01-17,4.428363364615336,4.311961900579557,4.473115886586825
2020-01-18,3.9855790707566072,4.10075041550052,4.267401545600774
2020-01-19,3.868916793105785,4.03989536966263,4.21576431316483
2020-01-20,3.7550383608598494,3.9957585620412077,4.167338972640991
2020-01-21,3.9745365606031555,4.578634918713962,4.682594361115205
2020-01-22,4.200229242581493,4.332959048758615,4.538288700585988
2020-01-23,4.094352649542941,4.194222760227993,4.421059702982005
2020-01-24,4.579088696909816,4.609916561746101,4.742153911126056
2020-01-25,4.309486965541069,4.892281320443046,4.936612903793104
2020-01-26,4.235885149020691,4.9683194277213,4.945141120696694
2020-01-27,4.89411391687464,4.822558798417227,4.748618094580979
2020-01-28,4.312560197813121,5.012936551911607,4.986748959492543
2020-01-29,4.235061002520027,4.66335179350785,4.594647306345563
2020-01-30,4.261690154323706,4.5593066511169775,4.485975724296782
2020-01-31,3.9501034474496883,4.526834291228,4.3327982076545934
2020-02-01,3.9711478574856973,4.467360531211545,4.294857129394373
2020-02-02,3.820793426922589,4.412264276643439,4.117871152422527
2020-02-03,3.9660864957546744,4.350999911054792,3.973025063046872
2020-02-04,3.95561741278214,4.355666161373096,3.9445276294693277
2020-02-05,3.8949038902347635,4.358637176709647,3.9718577293622284
2020-02-06,3.7520760314204873,4.344690151294781,3.861090933773002
2020-02-07,3.699114401191884,4.3284278825442986,3.8701713859312274
2020-02-08,3.808348009941081,4.3206243002858935,3.84891134083604
2020-02-09,3.678329196403843,4.264618824250095,3.7784735854278693
2020-02-10,3.7779077939734336,4.244199510785179,3.7605453271058575
2020-02-11,3.769793417303106,4.237182940018133,3.7556808888993842
2020-02-12,3.57602383019534,4.238748060101107,3.739612050280024
2020-02-13,3.5771748070496256,4.2091368452141396,3.681667805795976
2020-02-14,3.6357063246336105,4.233382725536261,3.70432391030123
2020-02-15,3.572746780627339,4.176291119265782,3.588448672886106
2020-02-16,3.558722847541052,4.237271286553965,3.6132272479237306
2020-02-17,3.735862234902088,4.149032634000603,3.5763362914961228
2020-02-18,3.4601163625192752,4.1214532705424105,3.546643400186059
2020-02-19,3.51725521281285,4.093845484282037,3.497589753852118
2020-02-20,3.422421737599376,4.062180125306842,3.4484960797792032
2020-02-21,3.4431717538231057,4.068429123940145,3.3806271669078427
2020-02-22,3.4897608113711325,4.02576016947751,3.3996995709866824
2020-02-23,3.5368403673697495,4.008435661552532,3.3091413356939436
2020-02-24,3.4019651481053526,4.012241692952291,3.366602637991425
2020-02-25,3.5574617754332474,3.990731361275889,3.3143104384037825
2020-02-26,3.4231647500147346,3.9837880772918686,3.324596703391234
2020-02-27,3.356947983008729,3.9439512441017204,3.246604463291278
2020-02-28,3.346326280625666,3.925744090130345,3.2326696509586044
2020-02-29,3.337082503974508,3.8355973617468484,3.130417821201542
2020-03-01,3.492452375409548,3.807565062963983,3.1301951884257373
2020-03-02,3.3877508157976983,3.7996017954827,3.0576730338620495
2020-03-03,3.2350776174209765,3.747584620365723,3.0850730859328124
2020-03-04,3.2246178290533956,3.754729644419779,3.072895905130353
2020-03-05,3.224909716808506,3.665918416196291,3.021652772735572
2020-03-06,3.0902586132286096,3.731588544547474,3.095609379553652
2020-03-07,3.08477773907509,3.6811417254702685,3.0215214899845155
2020-03-08,3.147266028764765,3.647514173597073,2.911750399370603
2020-03-09,3.2163945513077357,3.633109086432632,2.8550489911019774
2020-03-10,3.1847315883375185,3.629099657539296,2.86510196990158
2020-03-11,3.1439953553612057,3.6339159234766973,2.835861419027882
2020-03-12,3.16596888560421,3.5915366346192283,2.811812951569337
2020-03-13,3.139132025444692,3.58348115100324,2.820557906671369
2020-03-14,4.334395849586311,4.064025330707068,2.80512859089451
2020-03-15,4.798297655388081,5.156892642715008,4.542193417343851
2020-03-16,4.458848313611327,4.859477230253133,4.565700767699141
2020-03-17,4.551906607906412,4.9706437272463475,4.478907724152501
2020-03-18,5.056059011734683,5.1396749228031435,4.748474016249155
2020-03-19,4.512528179308626,4.93290941087595,4.6175132940155015
2020-03-20,4.315092834441584,4.7684879707882155,4.386860551388698
2020-03-21,4.142836708095382,4.734039828605816,4.253755023806571
2020-03-22,4.0819118975600395,4.682594779657666,4.260870119200517
2020-03-23,4.0074697270140165,4.6711114660676785,4.1873713808069635
2020-03-24,4.929316038263892,5.185943650120645,4.559137504033503
2020-03-25,4.702971241397616,5.072440429965322,4.717667955999687
2020-03-26,4.324695941268214,4.8444070964242325,4.453684419361485
2020-03-27,4.263652650925531,4.80315172109677,4.3542196565819555
2020-03-28,4.213322871193943,4.827173200348507,4.366691967455402
2020-03-29,4.473724307813722,4.910451836869209,4.426334104954243
2020-03-30,4.418075612998724,5.198671259653797,4.655904024715291
2020-03-31,4.970571290842532,5.345121370165195,5.084689253954186
2020-04-01,4.424918448533982,5.028197036547946,4.712256754893778
2020-04-02,4.313155233531748,4.8841174796740585,4.469567381756174
2020-04-03,4.15608237952036,4.812960768785603,4.305646610731722
2020-04-04,4.290971723129542,5.403522390644655,4.867904012878996
2020-04-05,5.086743677682012,5.69545006038557,5.2759882189751375
2020-04-06,4.928441659664193,5.304066659163968,4.9809561798653945
2020-04-07,4.556081244499143,5.110168544032476,4.697745192724104
2020-04-08,4.414078386050153,5.0119733142669,4.562005278904719
2020-04-09,4.220222239859541,4.950446239660923,4.529557183745354
2020-04-10,4.314553305167889,4.875938666365615,4.413840830450646
2020-04-11,4.207492638969887,4.838053677209089,4.354886133342204
2020-04-12,4.176823005783286,4.765350981596181,4.239643533557642
2020-04-13,3.966613311665629,4.67948536938031,4.01089756575959
2020-04-14,3.987552057598569,4.597401645263222,3.907624020409311
2020-04-15,3.820506383847701,4.556021212940471,3.8956751964497593
2020-04-16,3.709105313992123,4.464900670638297,3.7153955837432537
2020-04-17,3.607541895296459,4.397508837800406,3.7078507046359874
2020-04-18,3.6472743681626794,4.2747645996724195,3.6674416487163235
2020-04-19,3.5451480034523297,4.256103042488433,3.6044111822782154
2020-04-20,3.4585486578070137,4.234140029644035,3.5606210291830003
2020-04-21,3.443406283511862,4.123646069439687,3.4172781483805776
2020-04-22,3.3283146551683314,4.05825286373585,3.2709101023145193
2020-04-23,3.4737041101307904,3.959749149576983,3.1984626449966287
2020-04-24,3.267426207758123,3.874751935761473,3.2155451860213056
2020-04-25,3.226961377734019,3.753191003633476,3.0837206447088974
2020-04-26,2.9735131223766773,3.653920616769179,2.9647452841493944
2020-04-27,2.8503020509760963,3.5931103797324004,2.884338446526479
2020-04-28,2.828032549134588,3.503345130949204,2.924183790901518
2020-04-29,2.685861658358853,3.4582826188240463,2.731975232754658
2020-04-30,2.606772319316842,3.3914621041584256,2.7062588599309727
2020-05-01,2.5532544158809514,3.2612714310742548,2.5439254416163375
2020-05-02,2.7428283822895483,3.271044738174343,2.651266332176076
2020-05-03,3.3724109368315114,3.3550655019266893,2.551068033291171
2020-05-04,3.4475632641751996,3.3987461475520053,2.4976127460282678
2020-05-05,3.3284142981421123,3.447841027467598,2.498290480982455
2020-05-06,3.3063526238381207,3.4582317916460386,2.518120708328625
2020-05-07,3.288156662384661,3.4446592506613682,2.5456743176438303
2020-05-08,3.1568820159791096,3.384899228424439,2.5368914815657835
2020-05-09,3.034268564346182,3.3243296330980474,2.5169045442684888
2020-05-10,2.8862321272728235,3.2207534565694003,2.3364204631459398
2020-05-11,2.944449234760615,3.228886313169454,2.3504737936082734
2020-05-12,4.506271888353693,4.31366731074922,3.4853609825780265
2020-05-13,4.985873116081388,5.1458625111998275,4.872636032054686
2020-05-14,4.948788641344735,5.0542470859323165,4.866694248382366
2020-05-15,4.881430956631251,5.030532118115785,4.692415021513259
2020-05-16,4.354090085813513,5.232795870726688,4.724623406004397
2020-05-17,4.809734382188093,5.629010201409631,5.101006406764066
2020-05-18,4.918703284269776,5.691321643484104,5.234249814226184
2020-05-19,5.140519232780301,5.356637791604797,4.999341596429327
2020-05-20,4.720858633833488,5.184281542288305,4.7669790402017815
2020-05-21,4.640478715174649,5.051931837013873,4.576903318801529
2020-05-22,4.3852444709771845,4.986051378174611,4.452101584574619
2020-05-23,4.295720349944642,4.924214354353668,4.318130916147273
2020-05-24,4.242422760641599,4.809823779593567,4.262393530702912
2020-05-25,4.059858064631152,4.692303659473501,4.057639836917602
2020-05-26,3.94465265829174,4.576612996888942,3.9564367421292377
2020-05-27,3.771003413965328,4.424509291498193,3.8217849899902263
2020-05-28,3.6045202118744806,4.267385053328351,3.705505553011883
2020-05-29,3.383730059880498,4.117892395263749,3.533262818381876
2020-05-30,3.7071314074198516,4.063657915597966,3.398208690597347
2020-05-31,4.100455998148236,4.1870579010192674,3.2849795852980375
2020-06-01,3.9964440496494626,4.194121228121153,3.2383794598709006
2020-06-02,3.8051576551375677,4.127372826829154,3.14526233601141
2020-06-03,3.527193451774912,4.0057997067641855,3.0817669820254867
2020-06-04,3.3440081631834846,3.8621543715728697,2.9901932023837516
2020-06-05,3.1411514024654528,3.739565148578765,2.7448295729587815
2020-06-06,3.043665595434078,3.6603572122880674,2.6955715307586283
2020-06-07,2.9336784117632173,3.5690587028974137,2.592398403313242
2020-06-08,2.862310378714266,3.491642992710533,2.49557154543929
2020-06-09,2.7960810620986,3.400745509935989,2.484001058024649
2020-06-10,2.6886424930090405,3.327662340378718,2.454012530466405
2020-06-11,2.6244200425446778,3.2992236983421397,2.290374587773124
2020-06-12,3.0530456930511587,3.250305418487053,2.2082714018273486
2020-06-13,2.6301977115054407,3.1283418673585155,2.2944485007434094
2020-06-14,2.4911512345119045,3.0100091723799736,2.1475965958277605
2020-06-15,2.6012610702059966,3.036433562125781,2.0870332236315146
2020-06-16,2.104970565224156,2.8976804563717846,2.105453251707537
2020-06-17,2.0991176280606227,2.8317250660115696,2.106040516112123
2020-06-18,2.210016152066631,2.7182901056860707,2.1839936323522497
2020-06-19,1.909144691846409,2.658534213603649,1.9361130845836296
2020-06-20,2.457520757030988,2.5704567996164585,1.8914664810720696
2020-06-21,2.1008117001908846,2.490606492089999,1.8270446637837399
2020-06-22,1.8133581745814071,2.461647421569389,1.856597674781439
2020-06-23,1.842641750802073,2.378393644284181,1.776510018797601
2020-06-24,1.468323634189581,2.233639449007606,1.6953391069633355
2020-06-25,1.5581546600634981,2.1821284085639685,1.746382069462856
2020-06-26,1.1678510422281079,2.102704129245623,1.6127028269740404
2020-06-27,1.1157838166821308,1.9819408867842006,1.548698550226805
2020-06-28,0.9953819017269814,1.9661639784275071,1.4621168143488759
2020-06-29,1.4544012694450086,1.8252156115466023,1.5625948006959918
2020-06-30,1.708718166440398,1.8106109739112752,1.491466812398966
2020-07-01,1.0734941367822382,1.6646028818762333,1.380228127961404
2020-07-02,0.9911115448045738,1.5960327206998053,1.3638579524801848
2020-07-03,0.9056293355539324,1.5347710577437652,1.3513439240487441
2020-07-04,0.859160967478994,1.4420873262136595,1.3098692920114035
2020-07-05,0.904695911290521,1.3708996248429155,1.2528809385238953
2020-07-06,0.7816233109012741,1.3334744757852603,1.2098536760159238
2020-07-07,0.8426044465173841,1.2646941640621279,1.2030103866818822
2020-07-08,1.4089546748636972,1.3175544010907898,1.2862562260982133
2020-07-09,0.7827007773127947,1.1838575434218686,1.190114295968212
2020-07-10,0.7576822722212339,1.1570615908969184,1.1621029422658897
2020-07-11,0.7248080709286377,1.1485150460366218,1.1908701511960231
2020-07-12,0.7467326690546917,1.0804138723865955,1.160865861419376
2020-07-13,0.7576624348532656,1.0464383370034596,1.0816674736218213
2020-07-14,0.7702938449114674,1.0054765261733793,1.1943823636150777
2020-07-15,0.7681299779072859,0.9897739453961241,1.0746437909790045
2020-07-16,0.7295924391785323,0.9439500898017001,1.1372171477258266
2020-07-17,0.6996370159824246,0.9189650944468475,1.0712613573623
2020-07-18,0.6693737743761684,0.8489798964120827,1.0487110744320884
2020-07-19,0.6631215607372554,0.824169035128442,1.045667553285333
2020-07-20,0.7309001394533179,0.7877980569603764,1.0881170056997802
2020-07-21,0.6541457793971408,0.7383436865417583,1.0559667660919811
2020-07-22,0.7180622067271196,0.7042696282797595,1.0328671523967845
2020-07-23,0.7007443925687173,0.7000598494842103,1.1853744017192418
2020-07-24,0.6191883648334716,0.6989497172212377,1.108545253731396
2020-07-25,1.0005069439483971,0.8136444203186181,1.183437740084711
2020-07-26,0.631790722683679,0.8091918315829181,0.9045968729988105
2020-07-27,0.7526408910015283,0.6752901184559501,1.0019245998122364
2020-07-28,0.7031322068703796,0.5291221983497014,1.0253721646477896
2020-07-29,0.5909921563484334,0.4976684324743672,0.9433699687083661
2020-07-30,0.5170057285281653,0.4711713196231494,0.8744396955548184
2020-07-31,0.4680918219559418,0.4177567722449985,0.8465992876525577
2020-08-01,0.4219363953572786,0.46586772221528044,0.8785063724365086
2020-08-02,0.4779296349504341,0.4080400123775294,0.7802309551231325
2020-08-03,0.48685717299556436,0.40428672984534986,0.8484451146209293
2020-08-04,0.5625259698257247,0.38657889197827106,0.8153203202114107
2020-08-05,0.5341078987102386,0.39539852332507486,0.7258392608487116
2020-08-06,0.44307644976198934,0.376226968207359,0.7482651830973303
2020-08-07,0.4545240608915828,0.3692345789663655,0.739833075946946
2020-08-08,0.48251812514263137,0.3636902996193706,0.7680965198324882
2020-08-09,0.6119096580134193,0.3781063608786144,0.7663649111880718
2020-08-10,0.46374577971407865,0.356309593497855,0.6213585894184636
2020-08-11,0.47420835249187987,0.32169293139608013,0.6671266353862182
2020-08-12,0.3962859108733258,0.30907224781580966,0.6705692847406554
2020-08-13,0.35708868009512695,0.3282419434946778,0.5945585012441013
2020-08-14,0.39995806903998465,0.3387383669216323,0.6472907335853285
2020-08-15,0.43954107505575835,0.3173566857863729,0.6278474370192334
2020-08-16,0.4673751910321382,0.3060842709484262,0.5622471912909554
2020-08-17,0.4174884385532984,0.2821359809768911,0.6337149899016448
2020-08-18,0.3901017567265722,0.28604189508159794,0.5660466266102325
2020-08-19,0.36762484810154894,0.266721237629377,0.5305513908219646
2020-08-20,0.3367491495006584,0.2334630959489761,0.5745048625018083
2020-08-21,0.37241806202101146,0.25251634994708316,0.41872960070962995
2020-08-22,0.8069577523227088,0.648398610943865,0.721000821697425
2020-08-23,0.5844553302936554,0.6034390093151918,0.718666090670016
2020-08-24,0.6043893812280469,0.5954174354990014,0.9315865509069232
2020-08-25,0.487072251204288,0.49007001287232754,0.8807770819948197
2020-08-26,0.3629131065908168,0.2057252132199382,0.49162485936395706
2020-08-27,0.31401172297130125,0.20202375903528075,0.45057892979518854
2020-08-28,0.3632546724690137,0.19560915130902762,0.4457890784923605
2020-08-29,0.45513858700032483,0.19634144423931768,0.47402313768258586
2020-08-30,0.34996597933670104,0.20528423210747948,0.4391827335280807
2020-08-31,0.3937519208142814,0.2040674445529823,0.4363563521165681
2020-09-01,0.37765230351492635,0.1942955306335777,0.4515086646422961
2020-09-02,0.33844653527332347,0.1910436424363386,0.38633201385347393
2020-09-03,0.3696925030891958,0.20149680905024592,0.4755331088451077
2020-09-04,0.3280727123325008,0.18236500436554387,0.43806054086443635
2020-09-05,0.34425186381900796,0.17071164682008064,0.4842052939699738
2020-09-06,0.38362039088140165,0.19654172571735504,0.46407049134246886
2020-09-07,0.3821072360037261,0.22847882073708994,0.492077974142117
2020-09-08,0.39055254381050675,0.18976059187592326,0.3799254228933648
2020-09-09,0.27939204219796243,0.20917925504335871,0.31258991720472074
2020-09-10,0.307602252365707,0.14338286417452145,0.36585427523832525
2020-09-11,0.3103674487516229,0.15120177761633777,0.3843854348308856
2020-09-12,0.41431491933065545,0.13183318497265187,0.35437678608868795
2020-09-13,0.4024941224069352,0.1499923875843556,0.37883966321545093
2020-09-14,0.4453296165301434,0.13090391787391006,0.3254936725867662
2020-09-15,0.3346882907117875,0.1420741544843381,0.30188090601815654
2020-09-16,0.32724590237775913,0.18574709007503523,0.3207597373325673
2020-09-17,0.40274882195124484,0.18363797012298724,0.30652169274197705
2020-09-18,0.38789749452051847,0.21075158021716162,0.34265123377975015
2020-09-19,0.3645016771683868,0.16403727928553247,0.4042670013461808
2020-09-20,0.5114369644557045,0.1548842838815826,0.35433732398734163
2020-09-21,0.3701320935712503,0.12954316647889885,0.31245925229891414
2020-09-22,0.34436008792710004,0.15901817321722553,0.35007234110852864
2020-09-23,0.3585967080987639,0.16198414401742953,0.36382173608913465
2020-09-24,0.5438003875350785,0.15290403884856527,0.4123828019572202
2020-09-25,0.3643284820108891,0.1587569569670621,0.3868079923423946
2020-09-26,0.4140400977360985,0.14556347195011657,0.3240151494947029
2020-09-27,0.4966456198658109,0.15349606294482326,0.4295122538299976
2020-09-28,0.41995167063843314,0.17843297177501172,0.4264392895920913
2020-09-29,0.40450986251893684,0.1638228049691059,0.3285054685850682
2020-09-30,0.3689218801223416,0.16181920704609432,0.3935636876893842
2020-10-01,0.3714834697725241,0.15589952274797314,0.33348492319997997
2020-10-02,0.3269979880535728,0.179629280274431,0.31260890093003246
2020-10-03,0.300945484581027,0.1587690583110118,0.30544369464470866
2020-10-04,0.33314672292136316,0.14546505489165973,0.28392239981163675
2020-10-05,0.2715006143069531,0.12841893457040843,0.3007558373594913
2020-10-06,0.2697446141605054,0.12888743632056576,0.2887670753157926
2020-10-07,0.27596252142442496,0.12487503063842312,0.23346287374473493
2020-10-08,0.3217800616051862,0.09684162463997348,0.18620890937203205
2020-10-09,0.3312428785436392,0.09858096593344853,0.2514808015478171
2020-10-10,0.33936576230344906,0.15770659258719816,0.1810710785858276
2020-10-11,0.2719861068968836,0.09323028037287781,0.23510001377824774
2020-10-12,0.3364088971838834,0.11609785519580999,0.23945907345954126
2020-10-13,0.3676585680615117,0.13277326444322082,0.2731303530158264
2020-10-14,0.32647463790154885,0.1659263951635539,0.21223757064391552
2020-10-15,0.36529425135218246,0.15126871323549115,0.30967815997569204
2020-10-16,0.33006895748801524,0.14422891373472743,0.3206286101790673
2020-10-17,0.316712113738834,0.13152086810335895,0.24987904356900617
2020-10-18,0.2957562128350352,0.12907125444665604,0.309201485019577
2020-10-19,0.32477161295204543,0.1437890950240453,0.22891758404371887
2020-10-20,0.3427161426267596,0.12348775656272024,0.2638268381854714
2020-10-21,0.3131978411195706,0.12511989653239225,0.2610224064408285
2020-10-22,0.3139024397475005,0.09881920459825022,0.2522473091397847
2020-10-23,0.34528347316152475,0.09610467369181136,0.2136312096529548
2020-10-24,0.310176920159243,0.10184956042677634,0.16209947155945575
2020-10-25,0.29731532230981367,0.07716683628738336,0.18277734608619328
2020-10-26,0.3051040220250454,0.08312133061482077,0.21287354558564892
2020-10-27,0.2556019076050293,0.08631263997982797,0.15277544363782397
2020-10-28,0.28478110619673636,0.10750154073423773,0.12336566489643055
2020-10-29,0.436988757684836,0.11711041801331329,0.0850045050009674
2020-10-30,0.25128293947437175,0.1050464549325355,0.05638818079454663
2020-10-31,0.3043838513383321,0.09424523097453454,0.14229412302483324
2020-11-01,0.29448013587422717,0.0899546549371429,0.14725663880588347
2020-11-02,0.3059937775245851,0.08434158489517955,0.09613323891527263
2020-11-03,0.24941028699967985,0.0916482315904217,0.10841840369230478
2020-11-04,0.3402320833496629,0.08325518986009223,0.21526952242191388
2020-11-05,0.29691421889523967,0.09699353984512696,0.23303393378554207
2020-11-06,0.29301347650847,0.06546547489184558,0.20537654014825896
2020-11-07,0.29147304641086713,0.09207921108013767,0.16970055833906583
2020-11-08,0.2778887364476581,0.06429945529509758,0.10945070156404159
2020-11-09,0.3144733438070615,0.027104484816349167,0.10118723356822974
2020-11-10,0.3814840822061263,0.0696929555867323,0.16062887480250387
2020-11-11,0.30849557489758367,0.0766238719301392,0.07919776984168081
2020-11-12,0.39332015941189,0.051651156343926106,0.14893773624826562
2020-11-13,0.46361489565234604,0.09654099340835504,0.780599661875365
2020-11-14,0.6942259373568582,0.1325489607845588,0.8694852618700808
2020-11-15,0.7545821384792011,0.1566474328201481,1.4330995880273893
2020-11-16,1.0530576574653998,0.18291965239067953,1.336221976257984
2020-11-17,1.410433054132398,0.19720447053785792,1.823914655290178
2020-11-18,1.7645003107260555,0.2138611260720552,3.186533234441786
2020-11-19,2.145516453056193,0.2356733625557288,2.2664137981002996
2020-11-20,2.217404435679623,0.29087731781686277,1.7090130413117455
2020-11-21,2.2042686826966866,0.2680079412523811,1.5336983167754625
2020-11-22,2.2299740912004866,0.2776081244268268,1.4731245851686274
2020-11-23,2.4041819470194485,0.2814911826123548,1.503857351621139
2020-11-24,2.5069985038058693,0.3449835078406114,1.424697030969112
2020-11-25,2.494671358578582,0.35110494788112634,1.4051711505500268
2020-11-26,2.4515153523754893,0.3633541865210044,1.330595361819983
2020-11-27,2.4795713863011564,0.3595797174346608,1.2688648961145654
2020-11-28,2.5138319563395974,0.3676043859838353,1.2508711849818461
2020-11-29,2.5959384006582864,0.37826541676958836,1.219152038339459
2020-11-30,2.642501655222099,0.4086549341708272,1.2484165725723473
2020-12-01,2.652596108608181,0.4363856417737836,1.23295469364981
2020-12-02,2.6265775093329613,0.440126945450258,1.2457204401340034
2020-12-03,2.5894984466114876,0.43346886088499414,1.2407254713230491
2020-12-04,2.583092034405942,0.44940178960439464,1.2328193565621468
2020-12-05,2.475005688542219,0.45725250575547194,1.2794643263637004
2020-12-06,2.4005606180890915,0.4512752876441516,1.3385442682969433
2020-12-07,2.429488856267244,0.48861107383356506,1.2444539264017271
2020-12-08,2.4179529161930438,0.5173535223080779,1.245749949480897
2020-12-09,2.3611751862368013,0.5461259078873677,1.2404678658624002
2020-12-10,2.3540032470771193,0.5642151369908833,1.2418566479676616
2020-12-11,1.5819421482936362,0.5442275471570884,1.3083349967599514
2020-12-12,3.331278480339107,0.5683210713659395,1.5339241646896729
2020-12-13,3.6861009992036866,0.6623451301975346,2.516369865553151
2020-12-14,3.4238801014385185,0.7308864941405695,2.630931737901259
2020-12-15,3.3367434556871833,0.7411866405482607,2.529188533701358
2020-12-16,3.126141881715413,0.9005513900132658,3.092791193094511
2020-12-17,3.729976441001425,0.9485945907033015,3.7800128606388936
2020-12-18,3.5346771018845917,0.9932075687456838,3.363324212384395
2020-12-19,3.431052532741308,1.0444857308136508,3.21805282490085
2020-12-20,3.3702465578907423,1.028540423375788,3.2125623313972476
2020-12-21,3.3761072068061657,1.0924005586215584,3.167891589594538
2020-12-22,3.749930902175948,1.1818838852566411,3.020672674973338
2020-12-23,3.6210770343181915,1.287724332325699,2.9706529461458353
2020-12-24,3.537734851005858,1.2786578338461931,3.0258731596109083
2020-12-25,3.2944814449690467,1.396853701135455,3.608878550088199
2020-12-26,4.061132155550265,1.5924148031819507,4.057481219448489
2020-12-27,3.769341290934449,1.547737098156186,3.6905392330229736
2020-12-28,3.6466178102637974,1.6002837812949244,3.4931754621066937
2020-12-29,3.56442868716814,1.6313537684908739,3.401829842084986
2020-12-30,3.7128457879441417,1.775124496929893,3.5459490105505536
2020-12-31,4.035004246734145,1.9146303068642572,3.9043368700933696
2021-01-01,3.9341093190578604,1.9237466759838195,3.740761714747155
2021-01-02,4.0864880404541415,2.087633651826188,3.9128905364316235
2021-01-03,4.409146001988322,2.3177627654717567,4.063946667097033
2021-01-04,3.8893765742727817,2.629778360838038,4.299092391451438
2021-01-05,3.961852227625351,2.4289095231295295,3.965770284285205
2021-01-06,6.0,2.8065482569756943,4.0911245189207905
2021-01-07,4.307811578608584,2.765765454377487,3.9904363906233478
2021-01-08,5.181985982321615,3.1791267361902853,4.236813989940452
2021-01-09,4.016024456748057,2.794293980918549,3.894616619604177
2021-01-10,4.470683446956599,3.1342087648256127,4.0534631631176525
2021-01-11,3.9380234261274705,3.016437792400547,4.019275921781037
2021-01-12,3.560079839774001,3.6111161329839883,4.464742899114474
2021-01-13,4.1060549025184745,3.8298083651407353,4.481988486832169
2021-01-14,4.03179446339634,3.4800479522149397,4.249890112770303
2021-01-15,3.985710840043488,3.39151559432959,4.053237390323386
2021-01-16,3.744438299493269,3.4165672922400323,4.037230956289055
2021-01-17,3.7420642052491835,3.354346163030087,3.943425176149453
2021-01-18,3.640711889667738,3.372173181771985,3.8826311691316318
2021-01-19,3.63189595868349,3.2783452404348483,3.7078695630211858
2021-01-20,3.695909255671568,3.3160871328010684,3.5762208369757866
2021-01-21,3.6118094463855934,3.2888975283599855,3.5797740609050352
2021-01-22,4.2169732152426,3.5804918301894,3.590286955085861
2021-01-23,4.184722852446269,3.621123961010168,3.568048300171673
2021-01-24,4.266960665798163,3.718377340812753,3.687316606836717
2021-01-25,4.474119301770104,3.7876169351035873,3.7973567260656926
2021-01-26,4.598381940376814,4.0600182872946835,4.1891095473531035
2021-01-27,5.007399276335134,4.404468008430473,4.482669578136958
2021-01-28,4.774801708030637,4.373785814134639,4.40131955149587
2021-01-29,4.473663892491679,4.0108068840131486,4.1817998502805676
2021-01-30,4.1499046102892265,3.942534758970099,4.147833458279326
2021-01-31,4.534772738151966,4.273457230129798,4.335510527737464
2021-02-01,3.809802283314054,4.444798184873687,4.548054550048892
2021-02-02,5.255798402976872,4.593625665630107,4.549293250553737
2021-02-03,4.802656783789731,4.509244720557692,4.386926916578732
2021-02-04,4.333477279260386,4.2044728253124415,4.2082952014787836
2021-02-05,4.102811706036347,4.131639290400679,4.0514006940583025
2021-02-06,4.0054222947314715,4.1099969381243415,4.008618172709785
2021-02-07,4.0563118715246524,4.039901534368264,3.898559362979323
2021-02-08,3.856025930131919,3.9860034749044546,3.8932542560669505
2021-02-09,3.874686419322063,4.021153003627237,3.884184643327193
2021-02-10,3.86571230566423,3.9567978636821515,3.806436761222557
2021-02-11,3.9327211788325283,4.48305882015772,4.208145574607165
2021-02-12,4.858908516241232,4.551062232919475,4.536428526306506
2021-02-13,4.858914664576359,4.730118933642487,4.601737479151373
2021-02-14,4.891913890171771,4.596031097204896,4.383230743465782
2021-02-15,5.261120396676928,4.853387332653862,4.725001671105828
2021-02-16,4.57412646130014,4.469628464930789,4.395310672607535
2021-02-17,4.166964245936213,4.315189263566738,4.195899470233625
2021-02-18,4.312330740340911,4.454630172539322,4.182168440202418
2021-02-19,5.047899231320729,4.8315028405652285,4.650613191492454
2021-02-20,4.698769440781986,4.971516619167463,4.692336991045789
2021-02-21,4.438331121575766,4.529240919911909,4.406315049856515
2021-02-22,4.266962740405104,4.4254759270260156,4.26210691458067
2021-02-23,4.05379957492355,4.378163136766427,4.158367392885284
2021-02-24,3.93437309938395,4.276225868150967,3.9927603012479302
2021-02-25,3.9624533605983903,4.272046532784553,3.923080872461851
2021-02-26,3.9252076284925717,4.2018199398604645,3.880214378470799
2021-02-27,3.811949412586287,4.127447342877398,3.7691336555800437
2021-02-28,3.7988106102630708,4.112800861388586,3.723485826087164
2021-03-01,3.793034131519228,4.098593060270799,3.722211404120306
2021-03-02,3.7408179999944897,4.065538953115808,3.597234716964828
2021-03-03,3.785936053931123,4.034713258835027,3.57080618883138
2021-03-04,3.656581649546541,4.016457822134759,3.498906104375746
2021-03-05,3.958566768235536,4.30133583201366,3.7350273749171476
2021-03-06,5.005822659589317,4.876966657625698,4.540430750444934
2021-03-07,4.491032593275355,4.508338753218453,4.2804408279194766
2021-03-08,4.5238591657962655,4.53892468675848,4.168875613120967
2021-03-09,5.562595195951703,5.027042195492626,4.513469611503963
2021-03-10,5.069092315040558,4.847109068861684,4.52785284078071
2021-03-11,4.4871778716392114,4.588078912694887,4.332235960860852
2021-03-12,4.400135692361095,4.494434583224813,4.20169952806647
2021-03-13,4.241137759713764,4.447240108077758,4.1583693891132265
2021-03-14,4.594969379367635,4.776789936918175,4.286839967059481
2021-03-15,4.75392591497004,4.731027512287932,4.447334147634022
2021-03-16,4.435956920144192,4.574558017579042,4.305603032681014
2021-03-17,4.360338643012961,4.506664114862275,4.210590871407593
2021-03-18,4.809332239190843,5.084757519840912,4.588055185373817
2021-03-19,4.858484123457236,4.884011337917178,4.601562303354697
2021-03-20,4.587400050197277,4.67968196096293,4.366779123556819
2021-03-21,4.452810656707897,4.578546834801967,4.224800261882628
2021-03-22,4.211813526320321,4.504866669539701,4.1513216617240225
2021-03-23,4.120862693421911,4.471159435563643,4.042450903327951
2021-03-24,3.998694256272818,4.412214819053369,3.971047680599359
2021-03-25,4.060659843669608,4.413812366541845,3.9408794265965863
2021-03-26,3.9972057901044753,4.336188152557097,3.831232576859832
2021-03-27,3.985646393767779,4.29462708138648,3.743063351497041
2021-03-28,3.859507554596524,4.265415157932218,3.6647571006019337
2021-03-29,3.847845120591039,4.228689595703948,3.633806980294206
2021-03-30,3.695984863597933,4.137800365715453,3.4797585956270716
2021-03-31,3.6842034254618374,4.082668603467766,3.4290527170796117
2021-04-01,3.614607782800743,3.980591317022275,3.3246541683219455
2021-04-02,3.442279272477288,3.9137919220195423,3.2446032188526797
2021-04-03,3.423790476406648,3.8700240620006827,3.294959344485699
2021-04-04,3.560634375553694,3.7936640526704783,3.1818524560232424
2021-04-05,3.434728239161029,3.7411950606149267,3.135144951246893
2021-04-06,3.498739469362098,3.6699655711267756,3.019978119415322
2021-04-07,3.33462230505215,3.58748805078735,2.9747165400448115
2021-04-08,3.171347332393932,3.571722021265004,2.874150050309909
2021-04-09,3.1208481013539657,3.4793309399077104,2.8394572757082335
2021-04-10,3.1157703739951215,3.4111804260282215,2.7587045203544482
2021-04-11,2.9370160369011495,3.3628794945653313,2.7034616817735673
2021-04-12,2.896327884482658,3.288795765062419,2.5946698889692663
2021-04-13,2.891042830688827,3.2150824083415483,2.5671153060797147
2021-04-14,2.8349193301973132,3.179846797763158,2.471959635275482
2021-04-15,2.6574192240420147,3.1128927067644936,2.3776728054109304
2021-04-16,2.5503519568294952,3.022136160186708,2.2760973400912476
2021-04-17,2.5119591086367574,2.965108198265263,2.2627679685965205
2021-04-18,2.544444792326798,2.9463704881724087,2.21221395886044
2021-04-19,2.3520097793106096,2.858103489121425,2.09925111028471
2021-04-20,2.2128453495887506,2.836225880332105,2.061257231032509
2021-04-21,2.1489791167626353,2.7530997136748434,2.0470438580132573
2021-04-22,2.1472570353105094,2.6811797443041736,1.9586617533321835
2021-04-23,1.8701236363427303,2.635918495807052,1.936318958592155
2021-04-24,1.741704402472641,2.5873661616594874,1.8902342388719933
2021-04-25,3.0306941166383403,3.1019481792082417,2.1922441957017105
2021-04-26,3.5941546994375346,3.339556673900126,2.657158300348158
2021-04-27,3.539268230226176,3.379011113672494,2.6357696668209494
2021-04-28,3.4553926933896655,3.3519469444235583,2.536178093039017
2021-04-29,3.3225850524116707,3.3172008431731967,2.4590733577113464
2021-04-30,3.1999961895934392,3.248734228950804,2.3666151898529706
2021-05-01,3.1253882861478033,3.2074268934616486,2.2849419721984976
2021-05-02,3.0721114016796314,3.1888819212130497,2.2052662349064764
2021-05-03,2.9631039968540045,3.0623009682601037,2.1457697821075747
2021-05-04,2.893235297554839,2.9946013611900244,2.1190076764071537
2021-05-05,2.691236032633395,2.941994263292328,2.1096296611767533
2021-05-06,2.5764427503537353,2.938520057838544,1.9738982416806583
2021-05-07,2.494859442594108,2.8660515299893428,1.9163940006809863
2021-05-08,2.617377301584212,2.748700141462481,1.928459093389102
2021-05-09,2.4325506689749754,2.715224107680019,1.8318736165368212
2021-05-10,2.260519591860854,2.7059431917495864,1.848640837231712
2021-05-11,2.0690499633569974,2.5898143667633833,1.838492805670941
2021-05-12,1.9363078520853847,2.529150376965418,1.732107864000593
2021-05-13,2.1085219952830334,2.501928966575247,1.7390912388823763
2021-05-14,1.8251508439488873,2.3558812908818108,1.633906764574958
2021-05-15,1.5509926376543341,2.282896762140372,1.675543234601081
2021-05-16,1.5166812385696655,2.239545492711362,1.5627414494770147
2021-05-17,1.403655361757187,2.1757919842848787,1.5132910144812095
2021-05-18,1.3822638088077588,2.092941777095594,1.522285301748561
2021-05-19,1.5157911514962619,2.054484936062331,1.4826647433732214
2021-05-20,1.2744055967320962,1.9841487484261267,1.4611953841553056
2021-05-21,1.3712205631131145,1.8868425113135168,1.5046187521732337
2021-05-22,1.3749152311542918,1.8746812795388599,1.4217116867874182
2021-05-23,1.3044237394380107,1.7963929150249247,1.4153652759376316
2021-05-24,1.3030332185942979,1.7454196717587929,1.3988805897117609
2021-05-25,1.4374016917896157,1.7030260298036581,1.3788053734113013
2021-05-26,1.319759222930375,1.63849281315526,1.3776341954581754
2021-05-27,1.3018413112449663,1.6649610162244748,1.3593232186516941
2021-05-28,1.0672583171604615,1.5398026209270963,1.405451696281547
2021-05-29,1.042450914033821,1.5115094567998832,1.3630563597997032
2021-05-30,1.1330222900345661,1.4827646166736554,1.3894976010260964
2021-05-31,1.1104959892515798,1.5341328177929447,1.394397134174394
2021-06-01,1.020521633714178,1.486218748123573,1.3312377990591686
2021-06-02,1.067895984581615,1.401764906006476,1.3173437725489605
2021-06-03,0.8969331980763806,1.3844876668601935,1.248132892755244
2021-06-04,0.8928648366086069,1.299985351799494,1.2669407459982542
2021-06-05,0.7990292643378554,1.2519918851196845,1.199468726418755
2021-06-06,0.7511758751036925,1.174038655914981,1.1162733122255635
2021-06-07,0.9821238099632228,1.174803887282175,1.1344299925055652
2021-06-08,0.629321163812865,1.0186616264406985,1.0324304551918182
2021-06-09,0.8706781563745986,0.9911377008085468,1.004454801345513
2021-06-10,0.6582327050228238,0.9359611943852022,1.0182798368328676
2021-06-11,0.6733222260578499,0.9009826693200387,0.9935305779510801
2021-06-12,0.7136354556063997,0.914965387663827,1.0248378063223007
2021-06-13,0.8381037618420498,0.9120752109063976,0.9891870784374124
2021-06-14,0.8722312368565875,0.9058957753306267,1.0587598074682463
2021-06-15,0.7494311899985557,0.966718181179629,1.036235470093805
2021-06-16,0.7409758028364883,0.8115966224706166,1.0776433216144736
2021-06-17,0.6077425433330896,0.8240521409492324,1.0771009801415614
2021-06-18,0.7609512912627991,0.836838734761413,1.0656621741246863
2021-06-19,0.6347413194439153,0.78023387743054,1.0321137390473036
2021-06-20,0.6149892207074172,0.8165361216247633,1.0069800201460593
2021-06-21,0.5204247316952728,0.7527946123276514,0.9371729141437428
2021-06-22,0.5235523398452707,0.7651052350183138,0.9617516654565199
2021-06-23,0.4886018407955423,0.6420342239660475,0.8997649435699047
2021-06-24,0.5726147263850841,0.5952257338517211,0.9688669631777449
2021-06-25,0.6181973098413255,0.5858497692739755,0.9126605613300318
2021-06-26,0.6190409001092482,0.5661146298489651,0.8980704599616018
2021-06-27,0.5742497946372599,0.5853607724987767,0.9112076594545684
2021-06-28,0.5178373259740203,0.5353839858737557,0.9690835855977149
2021-06-29,0.5123782460254165,0.529666408620594,0.8481838298802755
2021-06-30,0.5361029280820003,0.4888976070043458,0.8140351823801392
2021-07-01,0.5227194817341905,0.4749740526512173,0.8140840646659242
2021-07-02,0.48358876098886483,0.4624174587503741,0.8091549058886145
2021-07-03,0.46209371465128474,0.4386054529147281,0.7846748445731975
2021-07-04,0.48979132076030873,0.41885187708005667,0.8086174067789964
2021-07-05,0.4553219160751637,0.4012562511019536,0.7457746268891836
2021-07-06,0.41491467884479777,0.3456910366456731,0.7962762467858278
2021-07-07,0.3313867728211674,0.34889072829310025,0.7194655490143443
2021-07-08,0.325622142577238,0.3391195479389414,0.648903786523555
2021-07-09,0.384690280792529,0.3400595902763782,0.6721794535270139
2021-07-10,0.42008432751753105,0.32097917191689185,0.7215235979133188
2021-07-11,0.32572470775133516,0.30901499258216014,0.6039855271182553
2021-07-12,0.3166192936929764,0.31168608338489673,0.5237379962476435
2021-07-13,0.45459903287891335,0.32831407033257914,0.5097220003187519
2021-07-14,0.3405592333519385,0.27225945654200256,0.526006969493712
2021-07-15,0.3705206780775089,0.23431373115067655,0.431856820376311
2021-07-16,0.4616671619435749,0.3126766106313775,0.5050398725949712
2021-07-17,0.41888709150035713,0.2430299433584622,0.46617085843454387
2021-07-18,0.2701212915562835,0.24492652716559293,0.4256818472592976
2021-07-19,0.2729470783020488,0.21975072198478282,0.4831890328296876
2021-07-20,0.2129224301788121,0.23424533908965434,0.41855602193019986
2021-07-21,0.21801023032103686,0.19669831623007972,0.5770431853048342
2021-07-22,0.22385374670763675,0.21039140634203712,0.4072668680197319
2021-07-23,0.7203664886551502,0.22408019380023908,0.3834703155182699
2021-07-24,0.37194101743984676,0.2167045257894255,0.40939580914219853
2021-07-25,0.30525297477240865,0.21733183283541174,0.3759415459150751
2021-07-26,0.24123292487293735,0.1980220972881533,0.3700194061933468
2021-07-27,0.21715035903492846,0.17704087707654617,0.3696132007849963
2021-07-28,0.17907350989350096,0.20415019450869373,0.33884939443357487
2021-07-29,0.22789713243832338,0.19458953598885076,0.37849995182295115
2021-07-30,0.231414780757124,0.20892780253959725,0.3766566291965324
2021-07-31,0.21917797487975754,0.1971138246006596,0.3371097897699574
2021-08-01,0.20149422384732688,0.23661051956245582,0.32229869373860653
2021-08-02,0.13703627538468874,0.166125865892507,0.3045325255377571
2021-08-03,0.14841974252017012,0.14690787298893343,0.3133504320242195
2021-08-04,0.2304273454770006,0.1527999554389098,0.3119838550975453
2021-08-05,0.12045768075649996,0.16288142653979037,0.29262171141915244
2021-08-06,0.11892944240883574,0.1606599366640293,0.26543351832319506
2021-08-07,0.18959589497628382,0.16750635332276606,0.28654092635973977
2021-08-08,0.19957496900129135,0.15414300469737938,0.31067041806177137
2021-08-09,0.16144522938357386,0.17423465957564793,0.28836042899244596
2021-08-10,0.15117813063130459,0.1626572859310167,0.26176970580841313
2021-08-11,0.16554328968834697,0.1698289146548824,0.25577561228968815
2021-08-12,0.30869047849449555,0.16404379351894727,0.2203018432145485
2021-08-13,0.15884522300330034,0.11854263059126015,0.25637050102217646
2021-08-14,0.14557329411022163,0.16512641352161178,0.2388345161530775
2021-08-15,0.2717832526675361,0.16036192856325804,0.2942376018321165
2021-08-16,0.171938876662777,0.1603513933343247,0.2502478487937264
2021-08-17,0.12351730801920346,0.12400099285769393,0.2148971164245086
2021-08-18,0.28856791114375097,0.17033741843754144,0.31643558583378806
2021-08-19,0.1270267919825099,0.14896920407991,0.19805404188618458
2021-08-20,0.24916647493574273,0.11075589963078583,0.21148365000635705
2021-08-21,0.0507299462837916,0.10290064654604299,0.16419123593078291
2021-08-22,0.40850165218928314,0.09841552140517809,0.18491800983161288
2021-08-23,0.6906770500719417,0.16248881159513995,0.19240605660498142
2021-08-24,0.1782716374430827,0.08931472847515402,0.19656757567827002
2021-08-25,0.05187603174211729,0.09303555200676933,0.1584532727575979
2021-08-26,0.169650647094189,0.09616492853309364,0.19367933124583553
2021-08-27,0.3334713697858743,0.1263733749347799,0.18495000512126442
2021-08-28,0.34500982499523136,0.13470183358778626,0.19187011010514993
2021-08-29,0.35094780249793484,0.13189044523812388,0.16185278782157184
2021-08-30,0.14829544222383612,0.12633250351145636,0.19262949906361237
2021-08-31,0.0281999305680994,0.09908536045326125,0.17029230854656252
2021-09-01,0.015699546845617342,0.08422538950136087,0.1796198705886714
2021-09-02,0.0500538347870654,0.06985544453437034,0.10290479725985648
2021-09-03,0.027703028194605545,0.06350496786385905,0.10195285141423079
2021-09-04,0.05812358102066313,0.07904190030384314,0.1551283508853361
2021-09-05,0.05631370850032545,0.06970925347901882,0.1759344642497376
2021-09-06,0.07263269000705183,0.09680194211134495,0.13067259150866545
2021-09-07,0.07563912159971817,0.08686390035612718,0.12371907772952538
2021-09-08,0.28748818925975606,0.09536691306060335,0.1336993410607919
2021-09-09,0.03536356957235194,0.09306526022131337,0.11954564391837941
2021-09-10,0.05185497373516166,0.06814202020291296,0.06414904760474235
2021-09-11,0.03810803975648174,0.08682736830755178,0.15796577162652153
2021-09-12,0.051856950314430925,0.08094177075709338,0.12462104000651594
2021-09-13,0.02463629505539309,0.08440507670019681,0.1221384652699901
2021-09-14,0.04714750720147168,0.08044991901201426,0.14407654727535976
2021-09-15,0.06055396179115602,0.0913541756208246,0.10576242947902809
2021-09-16,0.21287407577879586,0.06985015343371023,0.08166935311325987
2021-09-17,0.017268076649920958,0.06871434556069317,0.05718821979103054
2021-09-18,0.09057536606081328,0.09994690458542443,0.0
2021-09-19,0.3617410497603968,0.10119157025976462,0.015738031310837
2021-09-20,0.6217801214081037,0.13216707459533622,0.12142797379423428
2021-09-21,0.6400386907960763,0.08940716535004996,0.08017019202012565
2021-09-22,0.5416295685886783,0.07753115165538511,0.1250968618919348
2021-09-23,0.6267210888096599,0.08405726207586214,0.1806901243805806
2021-09-24,0.6265794252367114,0.08465632578495796,0.15080878793744465
2021-09-25,0.7454592109108071,0.10678874725927717,0.15425315877592444
2021-09-26,0.7116199124808833,0.12604934309391563,0.18687864226056858
2021-09-27,0.741929006264064,0.14138109799801116,0.23655962477700165
2021-09-28,1.0346788921830714,0.14637081415138709,0.239095989505576
2021-09-29,1.2724687014687652,0.09841856178455108,0.2900688426608266
2021-09-30,1.4305767385898882,0.10060834019787082,0.28316385543736255
2021-10-01,1.389958308793776,0.11680154748625507,0.31080207841390584
