time,A1,A2,Soil
2018-10-01,0.24104108196165389,0.17461745480527163,0.1367446914895791
2018-10-02,0.23005263155435807,0.16517192645476944,0.43571203931188224
2018-10-03,0.2381866036973158,0.17165199897342595,0.4440139493124273
2018-10-04,0.24613077231919522,0.17439638398163496,0.4433699065144855
2018-10-05,0.24389601635641733,0.17132169154160587,0.3900581363202224
2018-10-06,0.2396417043141139,0.16567312530383535,0.3668015743456276
2018-10-07,0.2434232543963966,0.16255351762373893,0.30847535929446557
2018-10-08,0.24475601584109255,0.16168337718785875,0.2642622208290469
2018-10-09,0.24738758882399886,0.1652259254389127,0.23540410746977275
2018-10-10,0.24655302890164604,0.16687160781461302,0.20826503851665268
2018-10-11,0.23907483526092044,0.16280956666492685,0.1839322367150621
2018-10-12,0.2309245873417359,0.1605992674942977,0.1662534526738632
2018-10-13,0.22444057498455955,0.15732968199561892,0.1528388919774306
2018-10-14,0.21766216455339132,0.15021761564557573,0.14300597765065215
2018-10-15,0.21122645775843268,0.14414837909074485,0.1307207660310543
2018-10-16,0.20050023580500187,0.13555135374144364,0.12014300454154994
2018-10-17,0.19154962991865038,0.1295918649780129,0.11519215267880031
2018-10-18,0.18237694590546388,0.1250747388844095,0.10908503851116738
2018-10-19,0.1749742521240071,0.12214615817856384,0.10567948963372287
2018-10-20,0.1716120377169061,0.11970291824686374,0.10447549898408379
2018-10-21,0.1662324108306167,0.1167872459385387,0.10032368996272989
2018-10-22,0.16061589787165298,0.10934790263999983,0.09505526398500977
2018-10-23,0.15413786720186065,0.10168489889253879,0.09011116271635175
2018-10-24,0.14885396092156408,0.09665196144452336,0.08699475531552991
2018-10-25,0.14377114617290643,0.09489763134499477,0.08480441159406343
2018-10-26,0.13817791955098718,0.09112676966961249,0.08174570892279893
2018-10-27,0.13550241084835238,0.08864608200315019,0.08448779601081513
2018-10-28,0.1290070272910483,0.07935268450995982,0.0900877056420048
2018-10-29,0.1290768374491564,0.08227083179323974,0.08170100830905005
2018-10-30,0.12117378345783539,0.08034563805193659,0.07502606180810582
2018-10-31,0.11430286415368292,0.07352568345431411,0.07105963370450125
2018-11-01,0.11203388089761816,0.07077842692079193,0.07321898562369379
2018-11-02,0.1129100022269251,0.07330692588105911,0.07429630857684659
2018-11-03,0.11223328177864687,0.07438959185051984,0.07196333882249867
2018-11-04,0.10708223519848674,0.06881499362576116,0.06591130718705597
2018-11-05,0.09852836927768102,0.060898768285666455,0.06059007158294856
2018-11-06,0.09006305903756567,0.05559967822774042,0.054162726610154116
2018-11-07,0.08020079701017299,0.05330836891469885,0.048200817875371636
2018-11-08,0.07164477998419327,0.05021198734878812,0.04228161666477603
2018-11-09,0.06446530410062451,0.04550997101644297,0.03598165125727451
2018-11-10,0.05233842525315297,0.03680525139597502,0.027281506297387292
2018-11-11,0.043678963932616645,0.02731816508345722,0.02294627399222781
2018-11-12,0.038483705539142515,0.02266597775607844,0.020662959943738998
2018-11-13,0.03335537064821016,0.021777109891931656,0.017889497372129318
2018-11-14,0.027327814431908397,0.01993272288335739,0.013547200835992035
2018-11-15,0.021826664397085825,0.015230983473123278,0.011592333161177134
2018-11-16,0.020815405485322836,0.012905031399446956,0.010221557844997967
2018-11-17,0.016090270183637963,0.010064789684182705,0.00783975209687755
2018-11-18,0.011010767261380951,0.005444819295460162,0.005545073559557337
2018-11-19,0.0053471318270125615,0.002884675504825868,0.0011854160070835405
2018-11-20,0.0,0.0,0.0
2018-11-21,0.7743343061970175,0.6700243670971733,0.7101316586816467
2018-11-22,4.088536535189247,4.088377964083225,3.3106279700220087
2018-11-23,5.604348689890911,5.58909865339824,4.8203952590390715
2018-11-24,5.088993894877296,4.9853705110931825,4.202096291528698
2018-11-25,4.7996234894984235,4.6598709817451605,3.9111684917963023
2018-11-26,4.638383311885821,4.479015935268787,3.78210531483662
2018-11-27,5.3270219471443605,5.227965999814779,4.634659682611348
2018-11-28,5.252422524155978,5.14016580206167,4.573342574126559
2018-11-29,5.4453105206032095,5.356895866442392,4.834585279878782
2018-11-30,5.236212704442385,5.124215890054928,4.556309996272807
2018-12-01,5.638106033186318,5.548323705863867,5.11665383145091
2018-12-02,5.172564680029103,5.054662924399875,4.484492968054953
2018-12-03,4.973804298964961,4.839951514179334,4.277142167664345
2018-12-04,4.840388020804951,4.695474206579156,4.150951546140094
2018-12-05,4.740264729109965,4.586509806483187,4.052373121009173
2018-12-06,4.672379315043669,4.509819643502108,3.9922707800877593
2018-12-07,4.6098232383286035,4.4373592384895115,3.931013166619559
2018-12-08,4.552655869960201,4.374189127644477,3.8762281222379444
2018-12-09,4.712840956283943,4.49647223012361,4.160252888822518
2018-12-10,5.366334446783018,5.2566786835134724,4.7358477833392385
2018-12-11,5.073377161917428,4.946888951683111,4.391173685177607
2018-12-12,4.960090862811354,4.81662658279224,4.313615900603146
2018-12-13,4.881308773042364,4.727999989384833,4.222175884476366
2018-12-14,5.1679706522761615,5.013526989562559,4.598353602303721
2018-12-15,5.239489639601308,5.126066870117567,4.589889312771376
2018-12-16,5.592872912547459,5.468871074891973,5.169195558131405
2018-12-17,5.381196132248231,5.264536342334782,4.841908843110108
2018-12-18,5.595026381858891,5.474448654622016,5.196316033781317
2018-12-19,5.314566177843498,5.1997933357941255,4.75048187818329
2018-12-20,5.273358375753799,5.136446428446716,4.789795197271986
2018-12-21,5.427835083279565,5.322957404023634,4.897711011592992
2018-12-22,5.123317983353275,4.995667544408988,4.5208761555890025
2018-12-23,5.1836419216293566,5.028594996088168,4.745332593791881
2018-12-24,5.716717284022484,5.621465757783076,5.412921853688739
2018-12-25,5.354335657794815,5.251744972023603,4.8315580497358965
2018-12-26,5.195861185224034,5.070385782597377,4.6329344265548045
2018-12-27,4.949561634323561,4.808579559474533,4.363162819293206
2018-12-28,4.890784596050876,4.74900230795131,4.302109596850122
2018-12-29,4.812902812502582,4.666117309667014,4.2279251230780215
2018-12-30,4.748674807268093,4.595714700840248,4.16491101987771
2018-12-31,4.690684352146415,4.53176245240801,4.1100167253500075
2019-01-01,4.634619349898715,4.472565664527204,4.0508354917188125
2019-01-02,4.582797671538909,4.420128189525272,4.001060868991667
2019-01-03,4.542067511576821,4.377497528985877,3.9666045517590645
2019-01-04,4.504760389320799,4.335052192063407,3.93102014990178
2019-01-05,4.940479569180839,4.760042336999224,4.573746703579355
2019-01-06,5.702762343101858,5.629508151563012,5.385165250371995
2019-01-07,5.303645607104458,5.216766693301096,4.792050016785371
2019-01-08,5.257061646626702,5.13094613632574,4.869177013062947
2019-01-09,5.847006834621176,5.760483931754856,5.638667563970623
2019-01-10,5.323522877916258,5.225295385055706,4.812591644507741
2019-01-11,5.159027156420857,5.0457507386254274,4.628329888893056
2019-01-12,5.0711235660865395,4.936619602289023,4.553665318424946
2019-01-13,4.983985923196421,4.8437541506254504,4.434137868550016
2019-01-14,4.89874752612501,4.7535533283763804,4.330646884722231
2019-01-15,5.07028763276144,4.862443510475647,4.755896634205394
2019-01-16,5.746769865353995,5.637399048703823,5.514701247020421
2019-01-17,5.668300847880015,5.583802324258019,5.335372347943501
2019-01-18,5.524999751309987,5.426772615990311,5.170307214941751
2019-01-19,5.753002080122018,5.68626663785273,5.485993796414645
2019-01-20,5.897651222523573,5.831787894432181,5.720672044289752
2019-01-21,5.343123242365759,5.224001575920166,4.855241083160912
2019-01-22,5.177288391758202,5.047894520294598,4.657319212733062
2019-01-23,5.047325301140173,4.912471372707788,4.513612397847673
2019-01-24,4.958313573518075,4.81521602154207,4.415351875784465
2019-01-25,4.884698012257241,4.733340154693224,4.3288804369777445
2019-01-26,4.821250348728697,4.663461144520879,4.257140514984488
2019-01-27,4.766832187000491,4.604069037029101,4.200560505586223
2019-01-28,4.70898770012218,4.543067760062723,4.144109034761588
2019-01-29,4.656348320388795,4.482085779512245,4.088437501273356
2019-01-30,4.597387561097504,4.419429889083052,4.016768569742789
2019-01-31,4.538332682479019,4.36339339277429,3.949473535303942
2019-02-01,4.481335649319961,4.315222289433474,3.918884493036958
2019-02-02,5.168384111426895,4.933867669633894,5.018680635185594
2019-02-03,5.50242948924767,5.4042059537393,5.177691419771021
2019-02-04,5.712865374373768,5.651345874488472,5.465681220954548
2019-02-05,5.392854797192161,5.29404835138668,5.011414855220971
2019-02-06,5.279781971603075,5.1749607002593905,4.833574847819163
2019-02-07,5.128338071789466,5.011379538284373,4.634210025072919
2019-02-08,5.023642703228335,4.89658918980667,4.515512665623868
2019-02-09,5.4617753410696235,5.366451233422174,5.236436938975623
2019-02-10,5.465903113238196,5.38966637574459,5.156875194508299
2019-02-11,5.533270985316373,5.478504726088778,5.29473937125578
2019-02-12,5.577088000635884,5.528772205498247,5.342331525204534
2019-02-13,5.794431652028613,5.766401522588366,5.678077727039168
2019-02-14,5.973160369063722,5.969710193626606,5.92334624401841
2019-02-15,5.744115554430714,5.7195471879374,5.557061097840284
2019-02-16,5.786987628501661,5.786307507569103,5.627495850033934
2019-02-17,5.455774894529175,5.382656266092097,5.155456416429618
2019-02-18,5.324293621928003,5.23124308078421,4.932647883640071
2019-02-19,5.145879468713101,5.0372272582712325,4.7004659894413
2019-02-20,5.043014483548246,4.93136645588334,4.577880172532488
2019-02-21,4.973203390949078,4.8539010426340665,4.502660678025378
2019-02-22,4.913325121335683,4.7846504642380285,4.435759920769057
2019-02-23,4.8645512332100225,4.7300165637528195,4.376229254684808
2019-02-24,5.215777076465525,5.088538956239196,5.047052640383149
2019-02-25,6.0,6.0,6.0
2019-02-26,5.910583194160668,5.899623754112043,5.861006998121553
2019-02-27,5.77339933241941,5.758655378669773,5.584136912603404
2019-02-28,5.389914885911124,5.312917420707069,4.9668050679863756
2019-03-01,5.192186882940181,5.090327582711316,4.720440577061913
2019-03-02,5.533744053687187,5.480775011533011,5.29839125522702
2019-03-03,5.559463795083445,5.508419360238791,5.307212504253545
2019-03-04,5.244394575761043,5.139346317352253,4.774002527792436
2019-03-05,5.133351990683634,5.02231347074096,4.699332792039808
2019-03-06,5.761039143393658,5.709210587199664,5.5922022517344265
2019-03-07,5.56401280350347,5.503387355465485,5.257910918316827
2019-03-08,5.214553486729738,5.1078471629248625,4.749286832638
2019-03-09,5.342306984356774,5.241383833263076,5.062659789438463
2019-03-10,5.447827588223805,5.3750022113726,5.080906340215492
2019-03-11,5.290913553777403,5.187569197139505,4.8804658093257025
2019-03-12,5.155221588247654,5.034093146105823,4.698841455423828
2019-03-13,5.057834983684072,4.921757077272659,4.581998876874811
2019-03-14,4.9704595956234385,4.825436618631452,4.475902147689355
2019-03-15,4.89210747255817,4.736659955524081,4.379889532046809
2019-03-16,4.814748422997413,4.653773138341531,4.287291188547934
2019-03-17,4.739610475796561,4.572736436984254,4.198251237877219
2019-03-18,4.667140763710394,4.491746323586785,4.111865211148921
2019-03-19,4.594961731361883,4.4145889915010805,4.030024291752616
2019-03-20,5.038573072839823,4.866860538705115,4.771853399866468
2019-03-21,5.408439919021705,5.321060308896914,4.9722622222208015
2019-03-22,5.5206833213893525,5.433728479666772,5.253512955770136
2019-03-23,5.4276522270473,5.348921447620101,5.0047922288516205
2019-03-24,5.205258106579127,5.094431625844383,4.723679341302925
2019-03-25,5.606628941085898,5.529514761201223,5.348801410422415
2019-03-26,5.32822049496237,5.237919681200938,4.874416342870385
2019-03-27,5.667673054356406,5.59914388549247,5.4654543312108705
2019-03-28,5.747834340421559,5.705570619539758,5.538194710811451
2019-03-29,5.605858466085238,5.542873722364177,5.31156474678002
2019-03-30,5.283318679890793,5.174524469916706,4.834214934667055
2019-03-31,5.126101869028393,4.996666599627201,4.6389369757838415
2019-04-01,5.018484779067003,4.879089812158099,4.513568904174701
2019-04-02,4.966896174407019,4.8213079294163705,4.537709938534458
2019-04-03,5.105299813290068,4.9434782359356895,4.75414091629955
2019-04-04,5.133569656017395,4.997313904852412,4.7221642023581865
2019-04-05,5.557517088319198,5.45801443562089,5.29817974933108
2019-04-06,5.3750631019190545,5.2784491946823735,4.965172693113027
2019-04-07,5.590840233351812,5.51720819815927,5.298290116783009
2019-04-08,5.918337051011725,5.88845221460643,5.767761279059087
2019-04-09,5.45871890400047,5.362448081053394,5.019755556717897
2019-04-10,5.220408803708381,5.090358211696779,4.718856617376396
2019-04-11,5.085297064816283,4.943509542124756,4.570497042586668
2019-04-12,4.986095080366828,4.835521167511421,4.4591231805908516
2019-04-13,4.890510969325284,4.728927270485032,4.351366430654103
2019-04-14,4.810990264776704,4.643845439459222,4.264891562384972
2019-04-15,4.781955999423534,4.5979550039950094,4.3949389938115475
2019-04-16,5.32157178938644,5.135839241258671,5.011838873076211
2019-04-17,5.239834825183477,5.1119037066830995,4.750753838341178
2019-04-18,5.10733433219311,4.967865634163071,4.58315659111676
2019-04-19,4.989516926809467,4.836307547307191,4.441746144676815
2019-04-20,4.891807826237722,4.726756756857691,4.33349719996094
2019-04-21,4.800606979734981,4.625820659154379,4.231090348585567
2019-04-22,4.706443674769025,4.523565778005491,4.123333625024172
2019-04-23,4.613425920988571,4.4264094495340345,4.016292268350277
2019-04-24,4.528681786535966,4.334400925748094,3.914721506159366
2019-04-25,4.447860916418745,4.2431677183727885,3.810506119491426
2019-04-26,4.364935721276481,4.15380798868299,3.705559814907297
2019-04-27,4.283404476920187,4.065842898723991,3.6036970051783017
2019-04-28,4.208248660941155,3.9856121786727776,3.5119169172921856
2019-04-29,4.144240184575927,3.9181854585784235,3.436309797519355
2019-04-30,4.082890044231061,3.853533553953058,3.360691473372012
2019-05-01,4.014208380707915,3.779570591519027,3.2748393961015445
2019-05-02,3.945375134734004,3.710799609719219,3.187399710001105
2019-05-03,3.881933556367199,3.6458726894074722,3.106185656143584
2019-05-04,3.8166756323804725,3.5817187434397715,3.027305331413275
2019-05-05,3.7644094294718577,3.5297672036543677,2.963052966117978
2019-05-06,3.7247607046086313,3.4894965127940765,2.9132094818422796
2019-05-07,3.682906233114692,3.4468008585921845,2.8629082117275733
2019-05-08,3.636506173942098,3.4024921417756193,2.8058216246605725
2019-05-09,3.5902470593237785,3.3602473390906535,2.747122434014302
2019-05-10,3.5428908622125324,3.3129125614854322,2.6822833336132192
2019-05-11,3.4907269090596627,3.26718150827074,2.611255845137574
2019-05-12,3.4412818781522674,3.2212182831709786,2.5471519433004843
2019-05-13,3.3914862821645966,3.174739635983917,2.4895988815946657
2019-05-14,3.35883130837761,3.142187549717524,2.4555628775778886
2019-05-15,4.100034641718041,3.771291425809048,4.2121556720728695
2019-05-16,5.934191166606248,5.8643633210417345,5.855064585475647
2019-05-17,5.548942888588031,5.461610397776688,5.191005819375006
2019-05-18,5.669489878919091,5.592569253484664,5.42324478019161
2019-05-19,5.603703054007534,5.53356151113484,5.279180762733221
2019-05-20,5.3049398139012,5.189664499523865,4.894417112839044
2019-05-21,5.87631662837462,5.805027008089679,5.715133276359572
2019-05-22,5.438452333069687,5.344588016303887,5.016277600742854
2019-05-23,5.190860584292639,5.060547404039721,4.701181246204207
2019-05-24,5.057587354147907,4.90858993276383,4.5405076153766135
2019-05-25,4.955603912222533,4.795800018198063,4.415713686941241
2019-05-26,4.869150558459475,4.701783771618459,4.317892876542273
2019-05-27,4.795834079848724,4.620852857303334,4.240893907263815
2019-05-28,4.719209833542387,4.535288742966458,4.163072153206329
2019-05-29,4.640092147675093,4.449322958644753,4.073187305908214
2019-05-30,4.567884790606937,4.3698621552081995,3.987196835163934
2019-05-31,4.497592248966244,4.292492645849904,3.9025717546715963
2019-06-01,4.424062119071793,4.211915484514855,3.8140019313833595
2019-06-02,4.354530057057707,4.133988991705227,3.732080764459166
2019-06-03,4.284654646825567,4.056418272087836,3.640345540986127
2019-06-04,4.204702206229587,3.9723181763492965,3.5356599742778325
2019-06-05,4.122333880371631,3.887218582947426,3.4329669125868545
2019-06-06,4.051009332736376,3.8133562678920447,3.3474837134285096
2019-06-07,3.9831913951993307,3.74569971672769,3.257270702583173
2019-06-08,3.9059837397536334,3.6662373256893286,3.1641873643974296
2019-06-09,3.825328324246497,3.5852092894416545,3.0653279424113515
2019-06-10,3.7511293038172218,3.511644033216908,2.9705607296583527
2019-06-11,3.67819840170551,3.4406858318009235,2.8745969858975227
2019-06-12,3.610370827467382,3.3744712822351026,2.7804542021942993
2019-06-13,3.5423640247810626,3.3128810556055415,2.688463721486411
2019-06-14,3.4775566788916947,3.2520646374968916,2.5993488191373104
2019-06-15,3.416414941868333,3.1957648983473153,2.519231118113412
2019-06-16,3.3550602019091036,3.1369748529918944,2.442860668384493
2019-06-17,3.288970322796679,3.073580047570508,2.3647803568579624
2019-06-18,3.2262715091891083,3.016289874873299,2.283966700257438
2019-06-19,3.164039646138159,2.960073927261742,2.20642294180751
2019-06-20,3.1028565863042563,2.906073194399127,2.1287616378280205
2019-06-21,3.0408742800701667,2.8542314918721616,2.0525026167712235
2019-06-22,2.9784815983327273,2.7960517744914584,1.9802908575691247
2019-06-23,2.9175148465484164,2.7379306003096002,1.9132862714863765
2019-06-24,2.864039323303668,2.695035222332634,1.846071238272712
2019-06-25,2.809287000587833,2.6521130082692292,1.782349917758728
2019-06-26,2.7720066994909303,2.6214154877469027,1.7328135851912205
2019-06-27,2.736111629608944,2.5930506786298406,1.6955420789338678
2019-06-28,2.692612897750929,2.5521838057592454,1.6526618962714401
2019-06-29,2.6441588809162075,2.505475605651712,1.60831992900466
2019-06-30,2.594869821519579,2.457749341908529,1.563615960696294
2019-07-01,2.550308515600955,2.4158889951876734,1.5213329454450029
2019-07-02,2.50922842783738,2.3748970161518335,1.4792618495035854
2019-07-03,2.4641013165855687,2.3323565821499788,1.437679053946179
2019-07-04,2.4196711728248887,2.2888748816639435,1.3965544147775746
2019-07-05,2.371408149305752,2.241991340567349,1.3548014086653615
2019-07-06,2.318925393676598,2.19552177506086,1.30864452332344
2019-07-07,2.276119694411371,2.152937593238603,1.2682754813369579
2019-07-08,2.2393444634845165,2.1153985539771902,1.2341822005828222
2019-07-09,2.204118181723336,2.082129970703789,1.2067500333508365
2019-07-10,2.170371348605154,2.0509545954660284,1.186200103133468
2019-07-11,2.137789273474907,2.0173490833138854,1.1653964266051942
2019-07-12,2.0974030604684626,1.9769538059494378,1.138310362544321
2019-07-13,2.05295455592596,1.9308908795581874,1.1059665520095374
2019-07-14,2.0019716864782797,1.8823789340682984,1.0698476461787307
2019-07-15,1.9542149524519772,1.8368427580193867,1.0349857211146136
2019-07-16,1.909896483123012,1.7955492970293698,1.0099149935929066
2019-07-17,1.8636619376651633,1.7515627353985843,0.9809690883704755
2019-07-18,1.818194901423869,1.7065953427025744,0.9556113819975172
2019-07-19,1.7744324411320977,1.6669405919121252,0.9347473696463486
2019-07-20,1.7310406138682195,1.6261851801768021,0.9093549898748627
2019-07-21,1.6876589565865117,1.5842710551077177,0.8850878029781162
2019-07-22,1.6466440030972929,1.5386873851370189,0.8603416096957119
2019-07-23,1.6061622404729108,1.4973885775692446,0.8336462117445766
2019-07-24,1.5589804397871294,1.4557253104652288,0.8080840769305901
2019-07-25,1.5071988681058213,1.4090544149048543,0.7829220637304677
2019-07-26,1.458754850975582,1.3627512954841177,0.7580834549085735
2019-07-27,1.414580623129837,1.3203659317560366,0.7379257190643255
2019-07-28,1.3753259310135557,1.2825025393832714,0.7212488862394103
2019-07-29,1.3396392749856105,1.2481707907123738,0.7014379486312263
2019-07-30,1.308488307299906,1.2160113530400365,0.6850693679099134
2019-07-31,1.2773841766606555,1.1814466057124877,0.6693750981843705
2019-08-01,1.2457168634176832,1.1480695864921926,0.6548366048527188
2019-08-02,1.2176504685730103,1.119665827403339,0.6400022128515219
2019-08-03,1.1860480222896173,1.0874390270791334,0.6260317828597864
2019-08-04,1.1588891497050535,1.0566871684071117,0.6153558907623814
2019-08-05,1.132224503524136,1.0276530027989106,0.6014563713645731
2019-08-06,1.10234464144723,0.9963099715838698,0.5865635529617996
2019-08-07,1.0783437754320888,0.9734272899616929,0.5747372215290002
2019-08-08,1.0621069762197337,0.9575219537622222,0.5642718860685425
2019-08-09,1.044750788190255,0.9363856827456631,0.5456261131504101
2019-08-10,1.0275671320804676,0.9194414846382841,0.5513292444232459
2019-08-11,1.0120995453491999,0.9046773981713789,0.5569263039276144
2019-08-12,0.9857234446690506,0.8793087586327821,0.5390118124579792
2019-08-13,0.9548085211802144,0.8537852420342533,0.5245900796030173
2019-08-14,0.9335254722764637,0.8359620871650582,0.5130943209085312
2019-08-15,0.9189451655969556,0.8223443635500373,0.5076496392959065
2019-08-16,0.9042845326858252,0.8041596763185984,0.49919333558250234
2019-08-17,0.8854188835058971,0.7835559766328581,0.4857324287742617
2019-08-18,0.8649038457745266,0.765133766939009,0.47632275854085787
2019-08-19,0.8530457448091983,0.7500385657940603,0.4665992042470589
2019-08-20,0.8430946650435429,0.7357715637014353,0.4597169905814804
2019-08-21,0.8239540713423266,0.7192561653990449,0.4486683546445486
2019-08-22,0.8059134399243628,0.6999344186759479,0.44435315730374436
2019-08-23,0.794227774313061,0.6830323668702065,0.436445869001139
2019-08-24,0.7793572852743745,0.6659741166332962,0.42849906337922317
2019-08-25,0.762190639440556,0.6496102938546249,0.4191884963753698
2019-08-26,0.743299352876363,0.6331111430395843,0.4090983311235987
2019-08-27,0.7300221396849719,0.6175906656722221,0.3991699071350031
2019-08-28,0.7111822486111418,0.6005798738285798,0.39084363427718427
2019-08-29,0.6944265233354496,0.5887324914366281,0.3853771415085099
2019-08-30,0.6763656888127977,0.5737541891324555,0.3758838077321007
2019-08-31,0.6588838696869418,0.55879669371396,0.3676999625972958
2019-09-01,0.6431779408325646,0.5452246117024308,0.35989086352443533
2019-09-02,0.628590310852188,0.5318858774637203,0.3535556094545303
2019-09-03,0.6145587472683756,0.5198246641185472,0.3482846217402964
2019-09-04,0.6013992490690367,0.5064506098564489,0.3401264307823389
2019-09-05,0.5909243803099841,0.49680752916098675,0.33588691361982037
2019-09-06,0.5805798520153522,0.4888866974833348,0.33115121262445724
2019-09-07,0.5691461719633042,0.4799501323647445,0.32445096395921935
2019-09-08,0.5562396979683762,0.4690006489239557,0.3171513443721063
2019-09-09,0.544566905819403,0.46068553740077883,0.3125515999535476
2019-09-10,0.5325148109870133,0.45022151432213997,0.30542736860478803
2019-09-11,0.5213613545979364,0.439542676404304,0.299914313064221
2019-09-12,0.51457712983389,0.4276805082068642,0.29601858732989644
2019-09-13,0.5109491286262027,0.4225097243789008,0.29320418026172035
2019-09-14,0.5075247261175092,0.4176309517457931,0.2900204665040813
2019-09-15,0.5000527997654,0.41126532590515547,0.2863730554852347
2019-09-16,0.4912885164643323,0.40074993862886416,0.4106154517756333
2019-09-17,0.488624405097741,0.40881451206020397,0.39610415973059565
2019-09-18,0.5925375665132502,0.6672874373122506,0.6562082463585307
2019-09-19,0.578510372584047,0.5622969724438227,0.620352138571692
2019-09-20,0.5553623145004842,0.496748456586125,0.5546797776561391
2019-09-21,0.5332340331171421,0.45259679670578656,0.49404473835476354
2019-09-22,0.5159545377725171,0.42618675509504467,0.44813021681307447
2019-09-23,0.506649138576784,0.4072025131117858,0.4114299136636406
2019-09-24,0.4997276779642916,0.3957784300855489,0.38523273438443084
2019-09-25,0.500662092568817,0.3961149754613139,0.37268437813443056
2019-09-26,0.5032155743927362,0.3960433457315223,0.3582604450272282
2019-09-27,0.49419718498179216,0.38774540798558554,0.34464663624732744
2019-09-28,0.47771432705698164,0.3763528756827965,0.32516423367830344
2019-09-29,0.5012769565916156,0.5462895107734983,0.9928036718929363
2019-09-30,0.6424544441805418,0.6894356063659577,1.688999562006523
2019-10-01,0.7082386219243944,0.603343746416954,1.4161169956604178
2019-10-02,0.701348777574092,0.5366346535767578,1.1954666674083005
2019-10-03,0.6674512360716892,0.484978441488189,1.0115006980551278
2019-10-04,0.6258825906334947,0.44475862053840864,0.8591415888775096
2019-10-05,0.5847983981818565,0.4125665105343366,0.7408978830221482
2019-10-06,0.5443998849832127,0.3846024802846208,0.6391083057948659
2019-10-07,0.5102372755754826,0.365275937156096,0.555848325920461
2019-10-08,0.4824360821244794,0.349443954607081,0.4913028766559238
2019-10-09,0.45793946174735767,0.3372543121051984,0.44011865510478465
2019-10-10,0.43377061719970217,0.3229571488266681,0.393896626392498
2019-10-11,0.4119686834000472,0.3096422768788353,0.3569787890105512
2019-10-12,0.39190415808023926,0.29672162982899075,0.32679739494189874
2019-10-13,0.37478128454759113,0.28483328221161425,0.304209987653416
2019-10-14,0.3602164153256447,0.2755653265079777,0.28567181074862286
2019-10-15,0.3457397661965363,0.2667769601186067,0.2710147435699588
2019-10-16,0.33012997479562767,0.2550226125149222,0.27490318374517003
2019-10-17,0.32228077039910463,0.24366631554336357,0.4638292328871515
2019-10-18,0.3254314773857059,0.24213863323646362,0.41780711981422464
2019-10-19,0.32459194019139437,0.2398232341754574,0.5122877371098852
2019-10-20,0.3352172320544289,0.24244098908169948,0.5294856708604196
2019-10-21,0.3336967771873148,0.2390768372178176,0.46726786968484124
2019-10-22,0.3308038327112354,0.23853776057020226,0.4130940330216576
2019-10-23,0.3280772644764835,0.2388698844799273,0.368286925835976
2019-10-24,0.3258717051240984,0.23777958901294727,0.3299096834892439
2019-10-25,0.32126697049563896,0.23864126288751392,0.3046865112346716
2019-10-26,0.31294186402469915,0.23240603297009813,0.2851387319643093
2019-10-27,0.30169977772269196,0.22699824196978718,0.26620172187252084
2019-10-28,0.28557112726173306,0.21839306361131208,0.24390015040365887
2019-10-29,0.26788757453993894,0.2077749399511965,0.22727438085522172
2019-10-30,0.2537961326112879,0.19874976761948554,0.21536235837223583
2019-10-31,0.24135952208432598,0.1936062678239393,0.20677904882767023
2019-11-01,0.23154026858401155,0.18511731979982446,0.20056045773264103
2019-11-02,0.22576981999886675,0.1800816163515555,0.196625588584726
2019-11-03,0.22002299908368134,0.17497611413380448,0.19235179184482706
2019-11-04,0.21658113969332465,0.17017471946620863,0.18722831691491484
2019-11-05,0.2142818578069915,0.16926702699962126,0.18414840090956583
2019-11-06,0.2133450482942158,0.16692978338882908,0.183988159625453
2019-11-07,0.20581961254973702,0.16457646537609816,0.1755045324659749
2019-11-08,0.20257044464746127,0.16199560241156277,0.17288229328419213
2019-11-09,0.19656594658377197,0.1593646442755489,0.16666767694906026
2019-11-10,0.19068907016797987,0.15220352078483948,0.16394348149841134
2019-11-11,0.1855630991000166,0.14844628672518057,0.16224616432176223
2019-11-12,0.1847656799131632,0.14623381561238918,0.16123524525965008
2019-11-13,0.17984604709092183,0.14422284735896265,0.1567656706365058
2019-11-14,0.17641053804176005,0.14216380300683923,0.1528251904719379
2019-11-15,0.17239617568405646,0.1372732003681474,0.14990741589832857
2019-11-16,0.1706175595887992,0.13579247031006067,0.1499050795016608
2019-11-17,0.16761058151241853,0.133321033771621,0.14651206054044208
2019-11-18,0.1626950070561891,0.1294801635778205,0.14380342799118345
2019-11-19,0.1604273782772284,0.12839336837141152,0.14197784742047465
2019-11-20,0.15448666100946143,0.12566036718869542,0.13401875302412422
2019-11-21,0.14373247135510547,0.12258333857077444,0.12512975958048655
2019-11-22,0.13209730619781948,0.11211044564768768,0.11624095686762803
2019-11-23,0.1221615650718787,0.10290419610993554,0.11064959067544652
2019-11-24,0.1136125975055455,0.0974336308661331,0.10575917391952228
2019-11-25,0.11006020473031106,0.09233286491398937,0.10342821258772333
2019-11-26,0.2416925396161294,0.7039860986027802,0.7555699153594256
2019-11-27,1.9804600262666443,2.705383283054399,3.4402984211665206
2019-11-28,2.6597297509384346,2.447404630342221,2.6710621460566104
2019-11-29,2.677507366511088,2.377463324800132,2.375304203028605
2019-11-30,2.6354399667994515,2.315038760519222,2.362828128590269
2019-12-01,3.033146923168305,2.7489555376365074,3.229566377126747
2019-12-02,3.0560352386799385,2.681818282551591,2.897083759393439
2019-12-03,3.016292765503264,2.607506458346835,2.8129452099011703
2019-12-04,2.9759567932985718,2.5751354739254158,2.639014797075746
2019-12-05,2.9481288806539303,2.5559149027249335,2.5510468654930927
2019-12-06,5.273497273400771,5.063536059815417,4.448276210609581
2019-12-07,5.63353996089497,5.523270568081658,4.832975744798585
2019-12-08,5.253092368719776,5.140677380082612,4.462821612733527
2019-12-09,4.902845020809133,4.7552715187928465,4.102039214074813
2019-12-10,4.7695169745211885,4.595977868752176,4.013420645558296
2019-12-11,5.2271070649039135,5.0883086781698115,4.537248046301648
2019-12-12,5.29569686264635,5.17988722220675,4.530966336893377
2019-12-13,5.389496045854316,5.2520041556841335,4.6826581710534105
2019-12-14,5.355056381477721,5.239145534480365,4.653954760108492
2019-12-15,5.231262725801996,5.116066768896031,4.512717816456842
2019-12-16,5.002740364695503,4.862543200655537,4.283741233248086
2019-12-17,4.856595477378805,4.701301112412656,4.142184499865772
2019-12-18,4.780639291838999,4.607794609059944,4.127402016848959
2019-12-19,5.294758181140871,5.134634034840471,4.843988212102584
2019-12-20,5.336323113160699,5.2268741215328305,4.703986555841423
2019-12-21,5.072156940537022,4.938978504171768,4.402044891356398
2019-12-22,5.435230346550604,5.2936936627868185,4.981304213286425
2019-12-23,5.213363268488197,5.093065841398363,4.5911160254624885
2019-12-24,5.012556597739146,4.876305010192433,4.368826078257878
2019-12-25,5.185799586191941,5.014635316308667,4.715819426406603
2019-12-26,5.075785143605059,4.940419568784621,4.458627562796478
2019-12-27,4.933737096147904,4.793282725126936,4.299957268144163
2019-12-28,4.832137622704704,4.686425856621181,4.198988837445416
2019-12-29,5.192078451327592,5.035606169001266,4.693870613392469
2019-12-30,5.244544878590692,5.134898387361664,4.65359223698676
2019-12-31,5.041957030511915,4.9165587459474835,4.426325861556427
2020-01-01,4.922216466348949,4.790759550072757,4.306072445219886
2020-01-02,4.839598141960358,4.703367059060719,4.2215540432675125
2020-01-03,4.761004362689749,4.6180136983076725,4.140146591342063
2020-01-04,5.145387483184515,4.909146556209657,4.752347823303715
2020-01-05,5.153573356406966,5.029667714044633,4.549387873472473
2020-01-06,5.016694334428528,4.895602462932667,4.395188998117538
2020-01-07,5.046339508472892,4.896619395963154,4.540216530963605
2020-01-08,5.399702424532798,5.293931630761143,4.891577193780736
2020-01-09,5.439745744195295,5.335272552332542,4.970748763395327
2020-01-10,5.16031243857724,5.049154915828966,4.583153108709913
2020-01-11,5.2032417093040415,5.0701607068204595,4.759019627078702
2020-01-12,5.273220954763848,5.14761502208945,4.84862701483914
2020-01-13,5.512910117594907,5.414955202938917,5.131960516436532
2020-01-14,5.568487012928346,5.480262607045453,5.203769018522973
2020-01-15,5.224424407942376,5.126452114474078,4.722781221335514
2020-01-16,5.717917704883108,5.6270537473345925,5.50783719780652
2020-01-17,5.448178700464737,5.376430792471403,5.077903957861251
2020-01-18,5.209791142721642,5.117392635110871,4.744586002630715
2020-01-19,5.057865079769519,4.957881348500306,4.567940685049902
2020-01-20,4.9654596406938065,4.858638975934366,4.463238365295134
2020-01-21,5.366366099455832,5.261963921350453,5.067857434806128
2020-01-22,5.248102062797874,5.16503528832056,4.773491972142567
2020-01-23,5.082326417659226,4.985527694068227,4.58501331352181
2020-01-24,5.186549399883204,5.093252549999648,4.709682558503608
2020-01-25,5.290772382107183,5.200977405931067,4.834351803485404
2020-01-26,5.394995364331161,5.308702261862489,4.959021048467202
2020-01-27,5.427232909692428,5.3375480154024455,5.056503416066309
2020-01-28,5.551425679223936,5.4722928360906655,5.207550840016362
2020-01-29,5.22657373228291,5.130722098020832,4.754053394360975
2020-01-30,5.090504872937342,4.981916880294516,4.619793075278214
2020-01-31,5.006275896806141,4.901570658853181,4.538398602141535
2020-02-01,4.935399463272237,4.821678260694624,4.444443541076518
2020-02-02,4.859917185246811,4.748764845178288,4.360762234166116
2020-02-03,4.80302633321895,4.679002835650277,4.286978131695166
2020-02-04,4.743895840224019,4.614281428104446,4.226874536499746
2020-02-05,4.682667241302942,4.548121044881203,4.167000699904839
2020-02-06,4.626455608769856,4.483166685433037,4.115194764893858
2020-02-07,4.573488503396526,4.4258070958208116,4.054842327160907
2020-02-08,4.520342736255104,4.368336142613787,3.995625794081712
2020-02-09,4.461404666937323,4.306496484433079,3.9282044137521694
2020-02-10,4.395322373548376,4.235951072541772,3.8499183500204968
2020-02-11,4.333249832117868,4.16458311342601,3.7812903730912204
2020-02-12,4.27797543292483,4.101924067916195,3.716983633031114
2020-02-13,4.232746455121933,4.051078025220246,3.662980370406139
2020-02-14,4.188146164077656,4.003130981074145,3.6170436850534617
2020-02-15,4.142958382050839,3.9513507716468945,3.561033799784424
2020-02-16,4.099234749377436,3.9077777229768564,3.515599225367725
2020-02-17,4.070624665135451,3.869396954312699,3.4767626294195964
2020-02-18,4.018067661923808,3.817899086494698,3.4155767511066326
2020-02-19,3.977311544369392,3.773068642961877,3.36026336052415
2020-02-20,3.9345203601016836,3.7304691028573034,3.3110445044867634
2020-02-21,3.891571807145854,3.6836583970787755,3.2608183509309234
2020-02-22,3.847819471538373,3.6357247982752403,3.2072045613640663
2020-02-23,3.8088550702142343,3.596386976717936,3.159448477770326
2020-02-24,3.770302394131802,3.5573235690301535,3.113818331650277
2020-02-25,3.7237141391687394,3.507317752916613,3.053216098334016
2020-02-26,3.6773467155439175,3.4599628373219304,2.9940998147131532
2020-02-27,3.6330156790523653,3.4166637043686103,2.9344906950697567
2020-02-28,3.5909680301551434,3.3761002760054204,2.8767923443981642
2020-02-29,3.5553137603977514,3.340094242590959,2.826100774334825
2020-03-01,3.5158979807652684,3.304725205921857,2.777861245216409
2020-03-02,3.4646507670668165,3.258286268068993,2.719096672809409
2020-03-03,3.4224959061036104,3.2161214987103364,2.6671181102667054
2020-03-04,3.3804278878305807,3.1769424079940247,2.616157520506252
2020-03-05,3.350315808833058,3.1499824332379447,2.5739035072637573
2020-03-06,3.343257952131869,3.1414711251266887,2.5590331413091993
2020-03-07,3.339824603029058,3.137562785762881,2.600643127529764
2020-03-08,3.325465158077157,3.1223449499563385,2.5895053680977362
2020-03-09,3.300114755953558,3.101619133436476,2.556715596815636
2020-03-10,3.270229050356216,3.065465226120091,2.5204616785603298
2020-03-11,3.2384680106727473,3.036262984493379,2.4779153872965862
2020-03-12,3.2066629597881064,3.007232635060777,2.4335142175668745
2020-03-13,3.174161547432885,2.9769327569672956,2.3846119976665414
2020-03-14,3.168032841754391,2.9718049328924176,2.5480448807606204
2020-03-15,3.843561647752428,3.1891588491457554,4.811018712504359
2020-03-16,4.831425384459083,4.088524841435919,4.696140697077009
2020-03-17,4.894534701065981,4.388071773906147,4.702620930006542
2020-03-18,5.254517502676244,5.012582382209459,4.9297837094798735
2020-03-19,5.185507966254821,5.070813636566995,4.748563516340785
2020-03-20,5.035833833534982,4.91770796446012,4.546618024484526
2020-03-21,4.913562158867678,4.784165106677008,4.401310944069322
2020-03-22,4.804617299225336,4.665898599073834,4.278440289700786
2020-03-23,4.723315401184663,4.569980143793509,4.195803372291339
2020-03-24,5.144097539536696,4.958954514526877,4.9368887482370765
2020-03-25,5.306918301238228,5.215360831482297,4.872244330413505
2020-03-26,5.106180759626341,4.999383925461815,4.610013032716329
2020-03-27,4.977335280996133,4.857165007157832,4.466833624114404
2020-03-28,4.900302982017642,4.767594811343484,4.421082244833933
2020-03-29,4.96774540495862,4.808733642314664,4.559780492507454
2020-03-30,5.052876016200765,4.89156424372972,4.686601403166465
2020-03-31,5.013955647085625,4.859901733653158,4.609897632023104
2020-04-01,4.975035277970485,4.828239223576595,4.533193860879745
2020-04-02,4.936114908855345,4.796576713500034,4.456490089736385
2020-04-03,4.897194539740204,4.764914203423471,4.379786318593025
2020-04-04,5.372510366705006,5.255816194464199,5.078193446383441
2020-04-05,5.612781330369772,5.529493822397987,5.3440713585391055
2020-04-06,5.36257407266368,5.256654859399852,4.942061697077542
2020-04-07,5.13993122799519,5.013780330601717,4.662727041544329
2020-04-08,5.058066592206501,4.926449729420711,4.57444233962115
2020-04-09,4.958671102570488,4.817927781775689,4.461132292732587
2020-04-10,4.859275612934475,4.709405834130667,4.347822245844023
2020-04-11,4.759880123298462,4.6008838864856445,4.23451219895546
2020-04-12,4.707446349421692,4.543845727463696,4.179061361635208
2020-04-13,4.624988330316862,4.456317090426767,4.079547445692713
2020-04-14,4.539428736564881,4.367847936549787,3.977286382790833
2020-04-15,4.456222890960465,4.279006962200266,3.879715743022609
2020-04-16,4.379627416704477,4.193488625236135,3.796265620645787
2020-04-17,4.324046611403809,4.1293236550895855,3.738335472275323
2020-04-18,4.300931501255654,4.10614460007572,3.7161318383326485
2020-04-19,4.248429627430553,4.046468080689425,3.656107846699201
2020-04-20,4.19592775360545,3.9867915613031295,3.596083855065752
2020-04-21,4.143425879780348,3.927115041916834,3.536059863432303
2020-04-22,4.090924005955246,3.8674385225305388,3.476035871798854
2020-04-23,4.057343008143989,3.828334931658911,3.435065223788185
2020-04-24,3.9937063828497226,3.75968117494288,3.346996818557691
2020-04-25,3.9427531012030794,3.702357659447066,3.2701242210513395
2020-04-26,3.8841964018455792,3.64476776578449,3.1985593293390084
2020-04-27,3.8222086848490466,3.5835560189750097,3.1156229027388775
2020-04-28,3.769923811130382,3.530449260850283,3.048781251193973
2020-04-29,3.718954503006816,3.4848421186811334,2.989672472490705
2020-04-30,3.6765244096206775,3.44243068104707,2.9336846787538384
2020-05-01,3.6457739087384677,3.4142500606448554,2.8928168455225927
2020-05-02,3.6435036617407315,3.401694963825281,2.9447152881887346
2020-05-03,3.641233414742998,3.389139867005708,2.9966137308548775
2020-05-04,3.6389631677452643,3.376584770186134,3.04851217352102
2020-05-05,3.636692920747528,3.3640296733665602,3.1004106161871623
2020-05-06,3.618387452610563,3.350557682198569,3.035812727632483
2020-05-07,3.579747404959035,3.3168575202185684,2.943222678170609
2020-05-08,3.5401697655792734,3.2805796674869283,2.86147214264955
2020-05-09,3.4952444829764544,3.2403539033892663,2.783956514848455
2020-05-10,3.451403278173219,3.2039060736563956,2.710711580799413
2020-05-11,3.4308001552743077,3.1847841983285106,2.7654979382414924
2020-05-12,3.8141668491284433,3.3317552430659925,4.180253718062057
2020-05-13,3.8061118981227624,3.331798466721799,4.1335728309265045
2020-05-14,3.798056947117082,3.3318416903776056,4.0868919437909526
2020-05-15,3.7900019961114007,3.3318849140334112,4.0402110566554
2020-05-16,3.7819470451057198,3.3319281376892174,3.993530169519847
2020-05-17,3.7738920941000393,3.331971361345024,3.9468492823842944
2020-05-18,3.765837143094358,3.3320145850008305,3.900168395248741
2020-05-19,3.757782192088677,3.332057808656637,3.8534875081131883
2020-05-20,3.7497272410829954,3.3321010323124423,3.806806620977636
2020-05-21,3.7416722900773145,3.332144255968249,3.7601257338420826
2020-05-22,3.7336173390716345,3.3321874796240554,3.7134448467065306
2020-05-23,3.7255623880659527,3.332230703279862,3.6667639595709773
2020-05-24,3.717507437060272,3.3322739269356676,3.620083072435425
2020-05-25,3.709452486054592,3.3323171505914737,3.5734021852998725
2020-05-26,3.70139753504891,3.3323603742472803,3.5267212981643192
2020-05-27,3.6933425840432292,3.332403597903087,3.4800404110287673
2020-05-28,3.6852876330375492,3.332446821558893,3.4333595238932144
2020-05-29,3.6772326820318666,3.3324900452146986,3.3866786367576616
2020-05-30,3.6691777310261866,3.332533268870505,3.339997749622109
2020-05-31,3.6611227800205066,3.3325764925263117,3.2933168624865568
2020-06-01,3.653067829014824,3.3326197161821174,3.246635975351004
2020-06-02,3.645012878009144,3.332662939837924,3.199955088215451
2020-06-03,3.636957927003464,3.33270616349373,3.153274201079899
2020-06-04,3.6289029759977813,3.3327493871495366,3.106593313944346
2020-06-05,3.6208480249921013,3.3327926108053427,3.0599124268087925
2020-06-06,3.6127930739864205,3.3328358344611493,3.0132315396732405
2020-06-07,3.6047381229807387,3.332879058116956,2.9665506525376872
2020-06-08,3.5966831719750587,3.3329222817727615,2.919869765402135
2020-06-09,3.588628220969378,3.332965505428567,2.873188878266582
2020-06-10,3.580573269963696,3.3330087290843737,2.826507991131029
2020-06-11,3.546364419381836,3.3023176770386975,2.7802798466277574
2020-06-12,3.519876632654871,3.281416254168977,2.743978345761273
2020-06-13,3.475385993416883,3.2401194404043157,2.686455765384098
2020-06-14,3.4308953541788947,3.1988226266396538,2.6289331850069217
2020-06-15,3.386404714940906,3.157525812874992,2.5714106046297465
2020-06-16,3.3419140757029178,3.116228999110331,2.513888024252571
2020-06-17,3.2932304442096876,3.0771008024913744,2.458440803926044
2020-06-18,3.2400226191806443,3.024074611280673,2.389599797138874
2020-06-19,3.1878596757525246,2.9773205721139764,2.323217890174387
2020-06-20,3.1379682624527,2.9309369637824867,2.255949722136943
2020-06-21,3.087464220792397,2.883780524624074,2.1909791580607574
2020-06-22,3.034613758997037,2.835315016157222,2.123126780996502
2020-06-23,2.9730316363731406,2.7815080217093744,2.049202457734962
2020-06-24,2.9143324068386756,2.7241076735787626,1.9729483632971803
2020-06-25,2.8481101854195456,2.6637033578900207,1.891940126573111
2020-06-26,2.7776810519076176,2.6000079093907194,1.8124207740241993
2020-06-27,2.7144564491486842,2.5374842526221375,1.734016029170279
2020-06-28,2.655372159844704,2.4840599578472586,1.6628258692810345
2020-06-29,2.5939474024313407,2.4260669774405272,1.5956874099663625
2020-06-30,2.529910156759022,2.3645298534272525,1.5329437231041085
2020-07-01,2.471759717779985,2.309660210582335,1.4755896508169233
2020-07-02,2.4118085475145437,2.2563326652565237,1.4202023458047977
2020-07-03,2.358826113736464,2.204270364302534,1.365828331293529
2020-07-04,2.3029675267029055,2.151008078687896,1.3142940201749556
2020-07-05,2.247444646275784,2.098663035600084,1.2643923313053365
2020-07-06,2.1985705167090224,2.0551228312973944,1.2225777068125006
2020-07-07,2.1461514822584675,2.0112161451349255,1.1841624654321121
2020-07-08,2.0909679191291506,1.960368858564388,1.146982026539264
2020-07-09,2.0379347155075185,1.9118997080554525,1.109800817489435
2020-07-10,1.9879168978783879,1.8647930613804742,1.0748676114547717
2020-07-11,1.939502912879703,1.8191800131713616,1.0408943889427262
2020-07-12,1.8873275889527,1.770865498815213,1.0067776697304698
2020-07-13,1.839618582685722,1.7250789419254486,0.9774825554176714
2020-07-14,1.7920862273889901,1.6777752486134792,0.9502186017313099
2020-07-15,1.7441886530641528,1.6308168461435928,0.9220838064455954
2020-07-16,1.6976919712145473,1.587001470505292,0.8925469818643815
2020-07-17,1.650137618083341,1.5410868937130404,0.8685239280730825
2020-07-18,1.6011724694732021,1.4966866303714665,0.8418072709087013
2020-07-19,1.5544444062128702,1.4516349917788807,0.8156959432522273
2020-07-20,1.5079204044132064,1.4079396514214098,0.7905306646297363
2020-07-21,1.4634781480221073,1.3620442897691536,0.7676401134169801
2020-07-22,1.424121695192105,1.3241778793548646,0.7472775673386591
2020-07-23,1.3842423844698337,1.288453729915505,0.7294630379919569
2020-07-24,1.3411538599942006,1.2444453214726634,0.7049418249755927
2020-07-25,1.2971991540094496,1.2024003253971158,0.6849035347832172
2020-07-26,1.2539217123493707,1.160811470963549,0.662091992674648
2020-07-27,1.2127898372260753,1.120800262787653,0.6396215381443858
2020-07-28,1.174159839073177,1.084415509096814,0.6220882453098942
2020-07-29,1.1410517466011576,1.049386689684882,0.6051896900257265
2020-07-30,1.105512774618032,1.0147730492021851,0.587796533346324
2020-07-31,1.0736866718299183,0.9862669999733955,0.5727295683065802
2020-08-01,1.045688167462997,0.9568795507036483,0.5581565348177516
2020-08-02,1.0156493547657979,0.9278049639230905,0.5459256605460714
2020-08-03,0.9871212038526105,0.9005899803527644,0.5334078771070606
2020-08-04,0.967887771597974,0.878904291284007,0.5253586447153588
2020-08-05,0.952593724396612,0.8610909339502477,0.5185284878249148
2020-08-06,0.9309163916754073,0.8437360019415939,0.5095981425329865
2020-08-07,0.9083621861184279,0.8199095945580439,0.4988660353484693
2020-08-08,0.8850356295641165,0.7942434141728993,0.48764909742908136
2020-08-09,0.8604822284981714,0.7722053330142995,0.4762894360035349
2020-08-10,0.8425257580175703,0.7508534543439461,0.46539891730270133
2020-08-11,0.8198055241016708,0.7323493505982862,0.45425864887922385
2020-08-12,0.7989443223330099,0.7123763228840759,0.4413004757789837
2020-08-13,0.7755396093483069,0.6898362436363785,0.42854918856925467
2020-08-14,0.7546461688139929,0.6721667980343116,0.419945349124893
2020-08-15,0.7428369772870502,0.6564843239778043,0.4145871811264846
2020-08-16,0.730507118803022,0.6425766474528458,0.4076393350196897
2020-08-17,0.7159444804038263,0.6290839280262892,0.39994827120790943
2020-08-18,0.701443115502182,0.6139908346311362,0.3936531303558063
2020-08-19,0.685460056443962,0.5970497139389322,0.3817051192436085
2020-08-20,0.660145916142797,0.5782139190721037,0.3656215147045728
2020-08-21,0.6435746155140093,0.5633646270469426,0.35876497495293685
2020-08-22,0.6292082658509608,0.5489200440336565,0.3537469069436869
2020-08-23,0.612128954166356,0.5307212412059812,0.3446444371780982
2020-08-24,0.5954979977281372,0.5166792513189313,0.33572478411892664
2020-08-25,0.5811704814582657,0.5045361150592793,0.32729206055503435
2020-08-26,0.565791422867778,0.4919885727125723,0.31750722212697263
2020-08-27,0.5538379234518908,0.4811211043949564,0.3107511204546651
2020-08-28,0.5418681582607228,0.46971864642932926,0.30728832173096177
2020-08-29,0.5307968506841134,0.46039636765595154,0.30308623849591537
2020-08-30,0.5209339256547398,0.4494237762535469,0.29478333657122446
2020-08-31,0.5070041883223174,0.43849180554484946,0.28762866922448566
2020-09-01,0.4977569146850481,0.43317969487201424,0.283684108869172
2020-09-02,0.4916194635482225,0.4261988800981391,0.2787273834461916
2020-09-03,0.4824858864485848,0.41734216128911245,0.2736252256968318
2020-09-04,0.47143319151298646,0.40534166698563223,0.2672709900790678
2020-09-05,0.45955839086906236,0.3985795786460437,0.26081002427541694
2020-09-06,0.45541907226160017,0.3949126384786753,0.26113287861122203
2020-09-07,0.454919905782441,0.39500120422436885,0.26343760565364815
2020-09-08,0.45342249263645895,0.3972483975836386,0.25941262372957125
2020-09-09,0.4484035565445776,0.39363558376952035,0.2523890159142044
2020-09-10,0.4387304071070684,0.3873283573036873,0.24276949285078792
2020-09-11,0.42551915812977487,0.37741901296009495,0.2371033682952195
2020-09-12,0.41546375535925695,0.3668229231549459,0.23265374309650827
2020-09-13,0.40686972160478263,0.35664098785602005,0.2277285141502551
2020-09-14,0.3958669649795099,0.3483754506489694,0.2226087514547605
2020-09-15,0.3847685221267185,0.3409948728749437,0.216044361765363
2020-09-16,0.37636406243920206,0.3362142387280504,0.21433161746129523
2020-09-17,0.3755872976665311,0.33323402760865783,0.2150555871012233
2020-09-18,0.3713846243048862,0.3320618626659319,0.21214346143483223
2020-09-19,0.36450436933661146,0.32668443225933314,0.20713540432675764
2020-09-20,0.35840646481147026,0.32118624860872813,0.20375158767826398
2020-09-21,0.35240885678510125,0.3165447166360915,0.19990344017741482
2020-09-22,0.34402899750877663,0.3110049816252519,0.1962038850407794
2020-09-23,0.33538577193792796,0.3056571364872601,0.19083214053764855
2020-09-24,0.332261664493442,0.30090750331079236,0.18969950599858498
2020-09-25,0.3258672041285955,0.29513967470809255,0.18502258683425243
2020-09-26,0.3179211045461154,0.28935361907218793,0.18198902151372998
2020-09-27,0.3150591330830169,0.284874185034825,0.18232951321294133
2020-09-28,0.314902304586429,0.2847373470736171,0.1829894869582393
2020-09-29,0.3125414765043497,0.28402134939783585,0.18068062980473334
2020-09-30,0.3081906716553777,0.27988356606975456,0.17692541366034562
2020-10-01,0.30572160546628324,0.2762923014085398,0.17547675904614635
2020-10-02,0.30034323166665866,0.2742877284817371,0.1725743245814415
2020-10-03,0.2950224373341957,0.2707408030145369,0.1697693232289332
2020-10-04,0.2889915973655469,0.26621904080900854,0.1642841078408287
2020-10-05,0.280543814492794,0.258031505682495,0.15855431496033
2020-10-06,0.2717059608504923,0.25060389333416777,0.1528343768772183
2020-10-07,0.26355072060390977,0.24237734520360904,0.145165638573957
2020-10-08,0.25282330747954745,0.23636278045367115,0.13740943844109643
2020-10-09,0.24155696623197756,0.22695086641041481,0.13001018577249218
2020-10-10,0.23318567171132984,0.22080427820327622,0.13137616232060162
2020-10-11,0.2273919439467129,0.213538528690626,0.1274249383586061
2020-10-12,0.2211621730267731,0.20581909557744643,0.1218164272507821
2020-10-13,0.21561339911098554,0.20048139073301874,0.11961645086929132
2020-10-14,0.21269850842180166,0.1984324549576361,0.11852580728513992
2020-10-15,0.2106985465660633,0.1975745776986022,0.11836898070272804
2020-10-16,0.2107345523445011,0.19748478387661533,0.12003535012900808
2020-10-17,0.20944044149788452,0.1955887709409217,0.11806442219029364
2020-10-18,0.20449734248432053,0.18952647980737514,0.11502120852004316
2020-10-19,0.19859974677499737,0.1846999808437625,0.11039425856206889
2020-10-20,0.19251749452574957,0.17921652142777336,0.10506574186472334
2020-10-21,0.18682522796441892,0.1738888647254943,0.10341194018589436
2020-10-22,0.1790297270165085,0.16851524159237405,0.09678708159226648
2020-10-23,0.16827608193190943,0.1616535052853264,0.08983211971991159
2020-10-24,0.15884561971523833,0.1549777789814805,0.0808237005831244
2020-10-25,0.14860884727868057,0.14348376262819834,0.07562211100422671
2020-10-26,0.13927897604988454,0.13478588136302785,0.0700808382941915
2020-10-27,0.12944662687533637,0.12839338905737663,0.06461056790222483
2020-10-28,0.1225700575740383,0.1247174751587285,0.06206028712943526
2020-10-29,0.11513272856262294,0.11848885854893462,0.05807200251780888
2020-10-30,0.10929058976225298,0.11138570064068487,0.05447066606124447
2020-10-31,0.1037502886276348,0.10289215881928129,0.05045009463122212
2020-11-01,0.09840339259567185,0.0996942597967817,0.04898841824597134
2020-11-02,0.09311301164256408,0.09664191721587934,0.04530739732617588
2020-11-03,0.08740303035494583,0.0921519675255923,0.04069687672222874
2020-11-04,0.08146473589004459,0.09133185086140422,0.03938955494645211
2020-11-05,0.08070588206453694,0.08954279614891583,0.04039825508945053
2020-11-06,0.0722146166896233,0.08091495220945918,0.045253205091406616
2020-11-07,0.0640917995456047,0.07562913877584874,0.03632974141415688
2020-11-08,0.05453286717160044,0.06426667517657286,0.029806254453278523
2020-11-09,0.044754950118808576,0.05669592709015561,0.019024118702505394
2020-11-10,0.0322271924171062,0.052973419511652776,0.014793162449922794
2020-11-11,0.02603932561126041,0.04684490933450704,0.011481600758334189
2020-11-12,0.020288427954286977,0.041712170155103784,0.006664097617221202
2020-11-13,0.04786899343217489,0.04872511560984541,1.5335470275821805
2020-11-14,0.29891408289127025,0.24591684535602454,2.0189332957375523
2020-11-15,0.9339597938964685,0.6043827105313925,2.858486815261469
2020-11-16,1.9296359283520248,1.2596854753663165,2.629541468255007
2020-11-17,2.763098120816724,2.197962558633215,3.6510347242793557
2020-11-18,4.829194310082361,4.313221044441005,4.4391018187859155
2020-11-19,4.782837879268356,4.466242118909639,4.113323366831978
2020-11-20,4.573021689163533,4.251564021751016,3.906852552400125
2020-11-21,4.365469910394336,4.029805958353963,3.712386767798878
2020-11-22,4.196636507764705,3.842857782553418,3.5580989990198555
2020-11-23,4.086393967070997,3.705291284053409,3.5107239125828107
2020-11-24,3.974842949744626,3.570574983272957,3.3978103464799547
2020-11-25,3.8496721584261984,3.436729187566976,3.2616610309774474
2020-11-26,3.7230542959186224,3.306754452010714,3.1205496418531773
2020-11-27,3.593482027904865,3.1802566533820564,2.9673864926492004
2020-11-28,3.4781285373725157,3.0732018516853135,2.829682182486382
2020-11-29,3.3788645495654124,2.980517134310198,2.711340326388681
2020-11-30,3.2870602844150016,2.8932910800792326,2.6035009650633607
2020-12-01,3.20211635217142,2.813240982288235,2.508503645382982
2020-12-02,3.122905655916104,2.739707305451316,2.4188292353587255
2020-12-03,3.0501570208112962,2.6738317256797193,2.3395215862630607
2020-12-04,2.9866971823164565,2.615416430599702,2.2729991152242275
2020-12-05,2.9261056636303113,2.5612993549899805,2.205775996983716
2020-12-06,2.875992984355035,2.516758055591201,2.156318544672395
2020-12-07,2.8108081120552777,2.450955706577711,2.092969570316006
2020-12-08,2.744533103094847,2.3890565806001307,2.0201820684050165
2020-12-09,2.6915894957552604,2.344016181130948,1.9602506663016148
2020-12-10,2.645578145039943,2.307126479844472,1.9102568828560273
2020-12-11,2.599375630798265,2.2705299982060545,1.9378163438305211
2020-12-12,2.641293091759714,2.296393733943705,2.2699929043206604
2020-12-13,3.509398976738895,2.9723315515916706,4.003056180235719
2020-12-14,4.7023530161500116,4.170453818227222,4.2915369062916735
2020-12-15,4.6217481110458,4.185722601940526,4.13224179730637
2020-12-16,5.1279202203044125,4.714911029067666,4.674518391428116
2020-12-17,5.177839742360563,4.929045902782706,4.563578430373605
2020-12-18,4.9731848527393625,4.731475288790926,4.329016868207855
2020-12-19,4.824959971306743,4.591949502705525,4.1796664553801195
2020-12-20,4.7228125352802355,4.490385173908575,4.083200796482849
2020-12-21,4.641333238625328,4.40628123935527,4.003654888687507
2020-12-22,4.643961424732611,4.383498839253969,4.088014045657206
2020-12-23,4.638740240269126,4.378666491277327,4.0545212534051585
2020-12-24,4.580278374676353,4.323328020933856,3.97694016719075
2020-12-25,4.95500752225376,4.682634340083554,4.49567648824139
2020-12-26,5.390411902486633,5.17459565208949,4.857846298083867
2020-12-27,5.071085970106715,4.8640230548983885,4.46565393510929
2020-12-28,4.909329758513791,4.699342847376416,4.290974485343198
2020-12-29,4.795689754401957,4.5833735543871,4.178290047464855
2020-12-30,4.821458647002197,4.595095621482404,4.314838085861537
2020-12-31,5.255303621443588,5.063445457609329,4.701667894327012
2021-01-01,5.065365880073502,4.865896838277114,4.507858670030883
2021-01-02,5.2507496514993255,5.058762932655698,4.707623893618717
2021-01-03,5.213961128816006,5.023242810744894,4.668391665438825
2021-01-04,5.177172606132688,4.98772268883409,4.629159437258932
2021-01-05,5.140384083449368,4.952202566923287,4.58992720907904
2021-01-06,5.370794396755508,5.17263241074687,4.9515444541261875
2021-01-07,5.312374318300513,5.138060199170614,4.809145951510006
2021-01-08,5.316065853518993,5.1435066133728515,4.829211386274334
2021-01-09,5.117803183456382,4.938950889444189,4.585085078073989
2021-01-10,5.130836312998205,4.950325472606759,4.674806884144629
2021-01-11,5.080423076643019,4.915141761547364,4.571798150191595
2021-01-12,5.48460622200043,5.282565654013839,5.166969180761664
2021-01-13,5.5842070881575605,5.3971741071925345,5.21155021131764
2021-01-14,5.157847830428725,4.993214779051874,4.6539286104709365
2021-01-15,5.001353731997808,4.837006184591762,4.477910051485742
2021-01-16,4.898507890169105,4.7312383528505695,4.366402223663996
2021-01-17,4.808004818367988,4.635848055268939,4.264508985437132
2021-01-18,4.71483474547682,4.526805251630469,4.155428027077724
2021-01-19,4.623869185863976,4.435377277788815,4.0413826981838135
2021-01-20,4.543907990457097,4.354684917313798,3.9555585307638212
2021-01-21,4.484802045999176,4.285611519057439,3.8906257577468573
2021-01-22,4.496557648013427,4.27556031860167,4.103553355834395
2021-01-23,4.66020765417528,4.411114350884764,4.249672308384426
2021-01-24,4.717664975117748,4.4840622064605755,4.345619774124679
2021-01-25,5.018866223551672,4.803140045134216,4.610701118062094
2021-01-26,5.246729145119017,5.040953511191137,4.896855345763424
2021-01-27,5.537446965671368,5.389584240333373,5.194612636170152
2021-01-28,5.526926969675875,5.373377723546752,5.224785275384132
2021-01-29,5.222507023875401,5.079545912545285,4.77166219447672
2021-01-30,5.049218013976968,4.899029409573561,4.574998250083047
2021-01-31,5.2935202778470725,5.135678371745318,4.990419193674693
2021-02-01,5.499384631173136,5.355054407678743,5.1943770886359895
2021-02-02,5.559740745065502,5.421061310896269,5.251592683698577
2021-02-03,5.473689890964908,5.337636734006212,5.144700002035912
2021-02-04,5.21724183042514,5.078987895283485,4.772905080425193
2021-02-05,5.045775086805097,4.899136399338989,4.576801994569793
2021-02-06,4.9405316582291565,4.789846759377263,4.459595970722505
2021-02-07,4.8573688702403395,4.7039437000700115,4.366507830335085
2021-02-08,4.7891862777671275,4.6344381925272105,4.295334905122776
2021-02-09,4.730008727282774,4.569751530362812,4.234573790277102
2021-02-10,4.6721294603834185,4.508305954541873,4.171181445786102
2021-02-11,5.080411291915959,4.902776781339304,4.770804228681121
2021-02-12,5.3791865548291655,5.254039236023644,4.985349654223773
2021-02-13,5.487448457984536,5.356760147969396,5.1703708962145765
2021-02-14,5.358701886952479,5.235766147165246,5.034839121338352
2021-02-15,5.557974330219961,5.444640318864666,5.266734803632673
2021-02-16,5.2300770654134645,5.10799249110039,4.80520035160421
2021-02-17,5.066046601799782,4.93511109430932,4.608321234622426
2021-02-18,5.0360658366563795,4.893175454243654,4.659180022785197
2021-02-19,5.480720129078504,5.367268008946448,5.162567829206592
2021-02-20,5.5486157583780225,5.438390139121356,5.257822112073829
2021-02-21,5.206718553938386,5.085696086977115,4.77662787918193
2021-02-22,5.046459850012595,4.922105446433957,4.590410953936893
2021-02-23,4.934955510608906,4.809140528348696,4.461198100043104
2021-02-24,4.842171434666051,4.69707022842722,4.3508871953179735
2021-02-25,4.759667058166121,4.611200802558671,4.258872394308009
2021-02-26,4.688619720689425,4.536664920530381,4.186558459197394
2021-02-27,4.625132949996906,4.466916257246862,4.1166003870095675
2021-02-28,4.571405439129166,4.3992122598971655,4.043340698818104
2021-03-01,4.502390163364573,4.336538162922457,3.9766573526836124
2021-03-02,4.4428397572547755,4.2774503188012645,3.912538968422897
2021-03-03,4.383024695317017,4.213656888762709,3.840519830151451
2021-03-04,4.328781826278139,4.156119983969297,3.7770084064004443
2021-03-05,4.422390985214218,4.233048222731355,4.039528219602175
2021-03-06,5.481845598006242,5.346088951211385,5.165958499493306
2021-03-07,5.176060669901489,5.0539831323827515,4.737075938688455
2021-03-08,5.061563595775507,4.928470468086076,4.657300331675617
2021-03-09,5.481580833262919,5.347999588683249,5.269943440543129
2021-03-10,5.45528044939187,5.3408656294941395,5.130867702677742
2021-03-11,5.209139001951153,5.090747549192086,4.790432841212153
2021-03-12,5.060352471459462,4.933404208807824,4.613829229255099
2021-03-13,4.954265718866925,4.8214390385127945,4.494962944182389
2021-03-14,5.142979259371101,5.00315958168293,4.8384272866372715
2021-03-15,5.35993375306972,5.244069696704685,4.984081480405834
2021-03-16,5.155491185056124,5.034322407882701,4.722978107288819
2021-03-17,5.027608167008041,4.900579384742593,4.5789516507704064
2021-03-18,5.365879174189349,5.2343177169690565,5.154353717261898
2021-03-19,5.366810814695458,5.243401810003167,5.004834046529005
2021-03-20,5.166247092498401,5.041609395254253,4.745253201950838
2021-03-21,5.03722234941222,4.906151078722773,4.595732828470624
2021-03-22,4.941639193495411,4.804247180448749,4.489513779931387
2021-03-23,4.858873201547815,4.716413479634696,4.394284493086992
2021-03-24,4.774403114725633,4.627406348494633,4.293765302935181
2021-03-25,4.699833914097043,4.548436857539072,4.211490607215522
2021-03-26,4.63176269048337,4.475383650143055,4.130858525197616
2021-03-27,4.563327476422294,4.403423916691134,4.0488007070276675
2021-03-28,4.498932810300587,4.330772554357061,3.967922937643203
2021-03-29,4.43357183064587,4.261030426068437,3.891322878048471
2021-03-30,4.361863093335893,4.185709934332327,3.8023487699535985
2021-03-31,4.285883577598627,4.107064279013409,3.708516115395346
2021-04-01,4.216099671458432,4.032726430978113,3.618421350730305
2021-04-02,4.148986761195913,3.962528645618248,3.533503731885284
2021-04-03,4.0986193140553135,3.906912134724884,3.4784335818461085
2021-04-04,4.061041033872321,3.860912508868383,3.438792801254249
2021-04-05,4.014296088884218,3.812692796059339,3.388217970631022
2021-04-06,3.9728940122488154,3.7645735706086763,3.333640068647938
2021-04-07,3.92976399206964,3.719744673638222,3.2800762507209322
2021-04-08,3.889881199162552,3.6781830511051794,3.2277593100441093
2021-04-09,3.841100233967195,3.632368447013135,3.171236033365354
2021-04-10,3.8003572535683854,3.586418955093719,3.1143600756858154
2021-04-11,3.748931712029823,3.5391474306747703,3.0472036829501237
2021-04-12,3.6978766918578647,3.488561130684838,2.979265303797362
2021-04-13,3.645403707347901,3.4366261184730584,2.9040929317568915
2021-04-14,3.590747686998134,3.38343445420753,2.82917376889937
2021-04-15,3.53945881014461,3.3389936441711576,2.76462101836543
2021-04-16,3.490060037857337,3.2950219405706775,2.7025875730649602
2021-04-17,3.442534020598151,3.2490485751686613,2.645409582011996
2021-04-18,3.397063292373397,3.2043236182151382,2.588762188600156
2021-04-19,3.354743526765316,3.163595635084146,2.530033730095613
2021-04-20,3.3146268389602627,3.127586033069796,2.479310505009877
2021-04-21,3.2745464584911645,3.0924092704187727,2.4328840525985993
2021-04-22,3.2331114145464657,3.050205329672549,2.3826834561060815
2021-04-23,3.1916165525198883,3.0132570716513385,2.3291622054687497
2021-04-24,3.1677194006504044,2.9920460743810624,2.298656850917794
2021-04-25,3.3481855263976743,3.211052810907507,3.369656940081485
2021-04-26,3.756491456111206,3.472132026181651,3.908835954028886
2021-04-27,3.823120524295818,3.504481333162753,3.720867848914044
2021-04-28,3.7881879388528215,3.4694277468916184,3.541488549143249
2021-04-29,3.7321249498215154,3.4212624464419643,3.3805365843185182
2021-04-30,3.672711228332056,3.3704956267458437,3.236948402181654
2021-05-01,3.6141135094229684,3.3228169458656325,3.11651414464741
2021-05-02,3.552023494996864,3.273235086056725,3.003346033791286
2021-05-03,3.4839347285403774,3.2200642319505546,2.8889412040929274
2021-05-04,3.420973526308909,3.1667552123430776,2.7818847906287547
2021-05-05,3.3624970169422577,3.12083796809452,2.6859556175370716
2021-05-06,3.3102419710758006,3.0801180265489645,2.5995139494012713
2021-05-07,3.261321734986584,3.041323292175174,2.5245118353340867
2021-05-08,3.2017156706752905,2.993490642483234,2.445090606634659
2021-05-09,3.1512972920909386,2.9494141837065246,2.3713171689799313
2021-05-10,3.102582487163418,2.906120387549537,2.303684359048857
2021-05-11,3.0543089600898155,2.8671462894286384,2.240781401979699
2021-05-12,3.007683197307,2.825492026735166,2.1761110336696614
2021-05-13,2.9638990306613273,2.784847055812975,2.1143596873387813
2021-05-14,2.9182976844713626,2.7449866267600678,2.054803877325836
2021-05-15,2.874701121179291,2.7070354596612134,1.9996631682194432
2021-05-16,2.8303318920084055,2.668149136545577,1.9462340331002483
2021-05-17,2.7936636959797463,2.6324508313845123,1.8962764187760879
2021-05-18,2.7533549201946985,2.595264819558188,1.847727794238395
2021-05-19,2.7113027607274773,2.557010047315708,1.797643320756055
2021-05-20,2.6652529871026935,2.5192380402317833,1.746034980637548
2021-05-21,2.6227119519429247,2.4808893152614373,1.7004655600515988
2021-05-22,2.5831718481939787,2.444631779654811,1.6592006199596854
2021-05-23,2.543827587777028,2.408833057756889,1.6162693073045382
2021-05-24,2.5115357277290182,2.3782732978353183,1.5763664839650382
2021-05-25,2.4854944496446216,2.3539017004479916,1.5460102590062466
2021-05-26,2.453728840110654,2.3265004150962523,1.5101756892700424
2021-05-27,2.427774334034278,2.2961942691273514,1.474631374831382
2021-05-28,2.394809045617184,2.2694372183870737,1.4430208608557553
2021-05-29,2.359462266026348,2.237850288648924,1.4037323025047859
2021-05-30,2.3218434632417866,2.2040966583052666,1.363222070792081
2021-05-31,2.2848784661613744,2.1706853843969744,1.3257004719580343
2021-06-01,2.250022403463321,2.1295475282336214,1.2880090874412915
2021-06-02,2.209029649742794,2.09096091598226,1.2484459912521566
2021-06-03,2.1689386927726466,2.052506729404469,1.2077051232931406
2021-06-04,2.1242357218106505,2.0107563560397983,1.1658830186232072
2021-06-05,2.078408842240859,1.9670900111214182,1.1248761829946576
2021-06-06,2.0338079550724277,1.9274952990598981,1.0876837612192765
2021-06-07,1.99679864850278,1.8971893021293424,1.0584915010477323
2021-06-08,1.965652343460659,1.8717558405582992,1.034195111889813
2021-06-09,1.9366150460899518,1.8459351056190005,1.0148007356493394
2021-06-10,1.9067108417270195,1.8195741207303051,0.9971485862175151
2021-06-11,1.8772497596928184,1.794707942935668,0.9863703563890465
2021-06-12,1.862942529083246,1.7758066079861092,1.0059140377859581
2021-06-13,1.8622202665682557,1.7677793075178927,1.023733089058417
2021-06-14,1.8565467804740432,1.7587046824320014,1.023933974652894
2021-06-15,1.8410954103628387,1.7418114419877353,1.005856765601663
2021-06-16,1.8117108497220848,1.7134161678116362,0.9825648742693572
2021-06-17,1.7835899810227076,1.6833839491270721,0.9607998173621337
2021-06-18,1.7577302861939523,1.6553440761503406,0.9416682796570949
2021-06-19,1.728443866115338,1.624690294194453,0.9191044493217987
2021-06-20,1.6973581248583716,1.589861768065897,0.8923269983697124
2021-06-21,1.6670947420758746,1.5591409568663264,0.868721789716199
2021-06-22,1.645884373543916,1.5406824438483002,0.8562245932612462
2021-06-23,1.619008152348489,1.5143875251763812,0.8395198831424979
2021-06-24,1.5882877628595,1.484830070524857,0.8241396117120989
2021-06-25,1.5580734704203165,1.452755461576873,0.8085482456541123
2021-06-26,1.5260721484391175,1.4209995002355031,0.7906830962032692
2021-06-27,1.4970260101920756,1.3887559549391186,0.7730197559722278
2021-06-28,1.467848779557046,1.3588720392924913,0.7536261243633564
2021-06-29,1.4362584551153574,1.3273237455422418,0.7357289714424075
2021-06-30,1.4036141143605947,1.2965863227420635,0.7208829668211012
2021-07-01,1.373534800358118,1.2659210471315865,0.7061629469002508
2021-07-02,1.3434578165721944,1.2352348273690215,0.6892216541981817
2021-07-03,1.3106399358392946,1.2022915875558229,0.6712264170488669
2021-07-04,1.2786139148070947,1.1710759726089948,0.6524054753787596
2021-07-05,1.248397206872938,1.1397566752816881,0.6364094681739518
2021-07-06,1.216937887243925,1.1107592200759797,0.6189245421816976
2021-07-07,1.1862184955607626,1.0814082091931603,0.6007882858298618
2021-07-08,1.153429092455935,1.0498479538050751,0.5853496008485313
2021-07-09,1.120639689351108,1.0182876984169893,0.5699109158672009
2021-07-10,1.0878502862462802,0.9867274430289041,0.5544722308858702
2021-07-11,1.0550608831414532,0.9551671876408183,0.5390335459045397
2021-07-12,1.0222714800366255,0.923606932252733,0.5235948609232091
2021-07-13,1.013052580117211,0.913996128661642,0.5173725591880638
2021-07-14,0.9863246469384637,0.887874778513284,0.5047943655215633
2021-07-15,0.9641915008656954,0.8676926005044316,0.4932885327905677
2021-07-16,0.9420331833095275,0.8457145649945159,0.4809681193390306
2021-07-17,0.9160675346152461,0.8204992591401621,0.4688136010413356
2021-07-18,0.8926207864430294,0.7964860724911509,0.4588375606347016
2021-07-19,0.8681755870012138,0.7729858805390761,0.4464038274776837
2021-07-20,0.8437303875593987,0.7494856885870018,0.43397009432066574
2021-07-21,0.8192851881175833,0.7259854966349275,0.4215363611636478
2021-07-22,0.7948399886757678,0.702485304682853,0.4091026280066299
2021-07-23,0.7841170088208693,0.6958802301250783,0.4036192600499978
2021-07-24,0.76362632026277,0.6772745720776834,0.3958426056461575
2021-07-25,0.7441605029090289,0.6575905523686073,0.38723589363646993
2021-07-26,0.7279628818572129,0.6390718615477484,0.37720675515322977
2021-07-27,0.7094706430466051,0.6274852438488561,0.3684336459367662
2021-07-28,0.697578820823934,0.6131767691625023,0.36039371294072026
2021-07-29,0.683245329663063,0.5967210907659641,0.35451562282368326
2021-07-30,0.6706965094479924,0.5844651037501156,0.34921722150240686
2021-07-31,0.661609225398461,0.5780328181055159,0.3452486736402941
2021-08-01,0.6371725563155064,0.5558104307427014,0.3318627582593369
2021-08-02,0.6127358872325522,0.533588043379887,0.3184768428783795
2021-08-03,0.5882992181495976,0.5113656560170725,0.3050909274974223
2021-08-04,0.5783921454162053,0.5001386004766841,0.30160209753275635
2021-08-05,0.5621489159163865,0.4862758798355177,0.29273105164656116
2021-08-06,0.5476641921139209,0.472953110925449,0.2882011913259005
2021-08-07,0.5358513658340547,0.46022807052706927,0.2844813241407978
2021-08-08,0.5262560169961086,0.4500185409647406,0.2809555466703253
2021-08-09,0.5164404252638859,0.4402156315404798,0.2761854757203466
2021-08-10,0.5017110768468713,0.42992260746030375,0.2692317475667777
2021-08-11,0.49114950192928986,0.41916538113889734,0.26386694728359245
2021-08-12,0.47898967984577057,0.40868545115860944,0.2579640253443644
2021-08-13,0.46993375431715406,0.4015485143964822,0.2533017568497798
2021-08-14,0.45688113970286076,0.39117177090598737,0.24653087645817995
2021-08-15,0.44975227181260446,0.38362467087198987,0.24431933344620937
2021-08-16,0.4462853396453984,0.3818258410132843,0.24319005044603537
2021-08-17,0.4345017415447084,0.3719268269903141,0.2368637465835714
2021-08-18,0.419508840147872,0.36101485261212884,0.22613949690503488
2021-08-19,0.40691890759128096,0.3505642789083788,0.21802714074103002
2021-08-20,0.39561034845779297,0.34053652905312687,0.21337953418842812
2021-08-21,0.38446040628012634,0.33192749141199496,0.20740301421564655
2021-08-22,0.37250875586097537,0.3229441692343419,0.2015389025393569
2021-08-23,0.3612195853318192,0.31337184195879586,0.19337688064914765
2021-08-24,0.3491252691100565,0.30275309942944223,0.18608358363425032
2021-08-25,0.3350872724215358,0.2921502565455888,0.17901055622169715
2021-08-26,0.32430051502461205,0.2815037026732459,0.17551874173668064
2021-08-27,0.3178913369944698,0.2736287604653476,0.1741120903843452
2021-08-28,0.31366925491181274,0.26862018569608803,0.1740770928930956
2021-08-29,0.3107221880529282,0.2648566733089207,0.1719746222864361
2021-08-30,0.30603148858554574,0.25862764956691725,0.16904814966825538
2021-08-31,0.29747868910519804,0.2548057017428995,0.16238128036172808
2021-09-01,0.28601535305740183,0.2450241847738062,0.15528954668463946
2021-09-02,0.27424601556747424,0.23659760234313582,0.14665432639811826
2021-09-03,0.2631343283417467,0.22835018686801806,0.140547212347987
2021-09-04,0.2551845297965892,0.22050146395987907,0.13709874687413243
2021-09-05,0.24953744330963734,0.21525694014903715,0.135833682947328
2021-09-06,0.2439180352789066,0.21123857684586694,0.1340986128483076
2021-09-07,0.23829040528853215,0.20692998608812913,0.1306557687033647
2021-09-08,0.23565955690993423,0.20239872950426496,0.13136684981905036
2021-09-09,0.23225115408004193,0.19976115922177867,0.12969207536702532
2021-09-10,0.22661885732890957,0.19751066967686265,0.12531710487611472
2021-09-11,0.22046868380144935,0.1927779103346587,0.12007515721228618
2021-09-12,0.21261585199782207,0.18398094732649328,0.11563220104900343
2021-09-13,0.2065755232734594,0.1788528784151864,0.11205682314692414
2021-09-14,0.1996342466365666,0.17328923028542614,0.1090851961138593
2021-09-15,0.1933502775913683,0.16828129101269462,0.10487597273196289
2021-09-16,0.18682123192661537,0.16382370072194663,0.10209508288105057
2021-09-17,0.18089625267079873,0.16089719836312633,0.09664888726339246
2021-09-18,0.445261079877145,0.40128952800353246,1.9065059425557571
2021-09-19,1.9133601109878495,0.8334133250581928,2.691214267149791
2021-09-20,2.107767133416648,1.065520199177406,2.178266435030268
2021-09-21,2.031231700877483,1.1701945466593884,1.8944492265992552
2021-09-22,1.9156807734953971,1.196535575835548,1.6772955903462443
2021-09-23,1.796493607911723,1.1634690311661242,1.4953829408541355
2021-09-24,1.6730556512893004,1.0938420316616875,1.3283297533194887
2021-09-25,1.5459869255525414,1.0084288273870647,1.1737543378342254
2021-09-26,1.4363383076643996,0.9388225476632277,1.0499774457113
2021-09-27,1.389559976093466,0.9123385102325772,1.0023602514072971
2021-09-28,1.3711072286923973,0.9089199489546651,1.0463202563251401
2021-09-29,1.2843217908948181,0.8451875010842553,0.9825785437677625
2021-09-30,1.1896535546643892,0.7731946239812668,0.9002031637032277
2021-10-01,1.0965089218324562,0.7016887992889765,0.811866687510634
